fragment_id,volume_m3,diameter_from_volume_m,diameter_from_volume_mm,volume_fraction,cumulative_passing_pct,cumulative_retained_pct
293,9.532420400382108e-05,0.0566763040793334,56.6763040793334,8.554604843249171e-05,0.0085546048432491,99.99144539515676
390,0.000105136686491,0.0585578632448623,58.55786324486234,9.435198718502026e-05,0.0179898035617512,99.98201019643824
236,0.0001121615394866,0.059834056395214,59.83405639521403,0.0001006562455931,0.0280554281210697,99.97194457187894
411,0.0001185076297413,0.0609418868574134,60.941886857413486,0.0001063513673092,0.0386905648519913,99.961309435148
340,0.0001330642897838,0.0633413962885315,63.34139628853156,0.0001194148359006,0.0506320484420602,99.94936795155796
408,0.000136621307591,0.0639008455831207,63.90084558312073,0.0001226069823318,0.0628927466752409,99.93710725332475
377,0.000137137261368,0.0639811855784226,63.9811855784226,0.0001230700106597,0.0751997477412198,99.92480025225878
345,0.0001543227367706,0.0665493418384984,66.54934183849846,0.0001384926362824,0.0890490113694618,99.91095098863052
496,0.0001576332790074,0.0670218527215767,67.02185272157676,0.0001414635900867,0.1031953703781339,99.89680462962188
142,0.000164631394355,0.0679993369598349,67.99933695983495,0.0001477438535383,0.1179697557319701,99.88203024426802
204,0.0001675351258885,0.0683967949548783,68.39679495487836,0.0001503497264223,0.1330047283742035,99.8669952716258
4,0.0001699135281171,0.068718938944772,68.71893894477205,0.0001524841571722,0.1482531440914313,99.85174685590856
463,0.0001847600793227,0.0706648062554694,70.66480625546949,0.0001658077805034,0.1648339221417753,99.83516607785822
433,0.0001931421917635,0.0717176710187967,71.71767101879676,0.0001733300735487,0.1821669294966499,99.81783307050335
152,0.000201645306392,0.0727550536146261,72.7550536146261,0.0001809609566328,0.2002630251599331,99.79973697484009
498,0.0002034776063946,0.0729747584210611,72.97475842106111,0.00018260530317,0.2185235554769365,99.78147644452308
298,0.0002081402500025,0.073527954303073,73.52795430307309,0.0001867896626417,0.2372025217411091,99.76279747825888
52,0.0002155203052737,0.0743869108672376,74.38691086723765,0.000193412687426,0.2565437904837154,99.74345620951628
281,0.0002192051536697,0.0748084596972135,74.80845969721352,0.000196719551854,0.2762157456691249,99.72378425433088
242,0.0002243195656953,0.0753857935925777,75.38579359257776,0.000201309338293,0.2963466794984348,99.70365332050156
499,0.0002263685248028,0.0756146255981507,75.61462559815077,0.0002031481195016,0.3166614914486041,99.6833385085514
60,0.0002304174491673,0.0760627892993165,76.06278929931652,0.0002067817137541,0.3373396628240157,99.66266033717598
94,0.0002360019477432,0.0766723877400431,76.67238774004316,0.0002117933662576,0.3585189994497827,99.6414810005502
109,0.0002435693648555,0.0774832830169058,77.48328301690583,0.000218584533701,0.3803774528198886,99.61962254718011
113,0.0002460779291957,0.0777483797145965,77.74837971459652,0.000220835774808,0.4024610303006917,99.59753896969931
348,0.0002520818315047,0.0783756172968217,78.37561729682173,0.0002262238094953,0.4250834112502225,99.57491658874976
134,0.0002558983925339,0.0787691777175112,78.76917771751127,0.0002296488757527,0.4480482988254959,99.5519517011745
462,0.0002613340481876,0.0793229988417291,79.32299884172912,0.0002345269533267,0.4715009941581727,99.52849900584182
389,0.0002680914139548,0.0800008794057925,80.00087940579259,0.0002405911627816,0.4955601104363356,99.50443988956368
410,0.0002690593389692,0.0800970429328412,80.09704293284123,0.0002414598000918,0.5197060904455164,99.48029390955448
326,0.0002697153131312,0.0801620830453943,80.16208304539437,0.0002420484858093,0.5439109390264513,99.45608906097355
384,0.0002713198661587,0.0803207319142865,80.32073191428657,0.0002434884471752,0.5682597837439786,99.43174021625602
445,0.0002725107421574,0.0804380748722209,80.43807487222097,0.0002445571656285,0.5927155003068325,99.40728449969316
301,0.0002742782551895,0.0806116081707462,80.61160817074621,0.0002461433709058,0.6173298373974204,99.38267016260258
245,0.0002826866220996,0.0814270831646631,81.42708316466312,0.0002536892252924,0.6426987599266665,99.35730124007334
423,0.0002883240115672,0.0819648024548053,81.96480245480535,0.0002587483432517,0.6685735942518389,99.33142640574816
383,0.0002912523427546,0.0822413571323991,82.24135713239913,0.000261376292409,0.6947112234927428,99.30528877650724
243,0.0002928052001184,0.0823872590202362,82.38725902023626,0.0002627698609432,0.720988209587072,99.27901179041292
95,0.000298251720106,0.0828949571868801,82.89495718688012,0.0002676576884107,0.7477539784281516,99.25224602157184
131,0.0003004368718995,0.0830969090645968,83.0969090645968,0.0002696186919472,0.7747158476228744,99.22528415237711
382,0.0003023142649668,0.0832696372323564,83.26963723235644,0.0002713035059977,0.8018461982226509,99.19815380177737
96,0.0003075053024518,0.0837435425960203,83.74354259602039,0.0002759620578183,0.8294424040044849,99.17055759599552
230,0.0003105493245435,0.0840189640147777,84.01896401477777,0.0002786938305512,0.8573117870596121,99.1426882129404
409,0.0003245220730835,0.0852606304718762,85.2606304718763,0.0002912332840492,0.8864351154645375,99.11356488453546
174,0.0003282922986667,0.0855895397180068,85.58953971800688,0.0002946167678528,0.9158967922498268,99.08410320775018
211,0.000342476019349,0.0868048214721247,86.8048214721247,0.0003073455524162,0.9466313474914548,99.05336865250854
71,0.0003546650466333,0.0878226604131208,87.82266041312083,0.0003182842550186,0.978459772993322,99.02154022700668
97,0.0003553675349119,0.0878806058859031,87.88060588590314,0.0003189146835329,1.0103512413466167,98.9896487586534
249,0.0003557149965429,0.087909238394614,87.90923839461404,0.0003192265032834,1.0422738916749663,98.95772610832503
187,0.0003573913080557,0.0880471131822068,88.04711318220686,0.0003207308623008,1.074346977905048,98.92565302209496
207,0.000365944449326,0.0887439687957175,88.74396879571754,0.0003284066403994,1.1071876419449895,98.892812358055
253,0.0003677061756767,0.088886151003764,88.88615100376407,0.0003299876525809,1.1401864072030814,98.85981359279693
428,0.0003708912988398,0.0891420616668527,89.14206166685271,0.0003328460525352,1.173471012456609,98.8265289875434
259,0.0003865021445236,0.09037557953183,90.37557953183,0.0003468555706308,1.208156569519695,98.7918434304803
335,0.0003872001065288,0.0904299481725334,90.4299481725334,0.0003474819371673,1.242904763236425,98.75709523676358
1,0.0003873631694486,0.0904426407498706,90.44264074987063,0.000347628273437,1.2776675905801342,98.72233240941986
5,0.0003895854745649,0.0906152677288588,90.6152677288588,0.0003496226191869,1.312629852498826,98.68737014750116
173,0.0003921931814045,0.0908169973423401,90.81699734234012,0.000351962832965,1.3478261357953305,98.65217386420468
305,0.0003945156732676,0.0909959115151096,90.9959115151096,0.0003540470885167,1.3832308446470027,98.616769155353
151,0.0003963218960394,0.0911345698794196,91.13456987941964,0.0003556680327704,1.4187976479240427,98.58120235207596
363,0.000398807573388,0.0913247008400472,91.32470084004724,0.000357898734585,1.4545875213825474,98.54541247861744
223,0.0004000469312844,0.0914192050177744,91.41920501777444,0.0003590109617653,1.490488617559079,98.50951138244092
84,0.0004008477067238,0.0914801624178937,91.48016241789372,0.0003597295953509,1.5264615770941756,98.47353842290582
477,0.0004046656955325,0.0917696881348426,91.76968813484262,0.0003631559429292,1.562777171387104,98.4372228286129
188,0.0004055611190996,0.0918373260291928,91.83732602919282,0.0003639595158375,1.5991731229708583,98.40082687702916
159,0.0004180256272952,0.0927686909419499,92.76869094194996,0.000375145441101,1.6366876670809611,98.36331233291904
70,0.0004182895015286,0.0927882065861706,92.78820658617067,0.0003753822476727,1.6742258918482344,98.32577410815176
246,0.0004211946560963,0.0930025257825369,93.00252578253696,0.000377989397619,1.7120248316101407,98.28797516838986
284,0.0004325560239128,0.0938313390417339,93.8313390417339,0.0003881853403142,1.7508433656415678,98.24915663435844
437,0.0004361472301835,0.094090295429218,94.09029542921802,0.0003914081682284,1.7899841824644172,98.21001581753558
430,0.0004408776909111,0.094429241309705,94.429241309705,0.0003956533882829,1.829549521292711,98.1704504787073
333,0.0004416515858759,0.0944844611572789,94.48446115727891,0.0003963478987363,1.8691843111663429,98.13081568883366
127,0.0004472890262525,0.0948847768046628,94.88477680466283,0.0004014070623824,1.909325017404587,98.09067498259542
129,0.0004584713158795,0.0956689885261022,95.66898852610228,0.0004114422963507,1.9504692470396583,98.04953075296034
194,0.0004608032720997,0.0958309170195795,95.8309170195796,0.0004135350454257,1.991822751582231,98.00817724841777
328,0.0004610457109936,0.0958477203350282,95.84772033502828,0.0004137526154497,2.033198013127211,97.9668019868728
276,0.0004662249433369,0.0962052917236142,96.20529172361428,0.0004184005730751,2.0750380704347293,97.92496192956528
319,0.0004761279128279,0.0968816827293441,96.88168272934416,0.0004272877168657,2.117766842121303,97.8822331578787
72,0.0004766643239669,0.096918051744559,96.91805174455904,0.0004277691040827,2.160543752529575,97.83945624747042
469,0.0004829539036771,0.0973424679481611,97.34246794816109,0.0004334135119865,2.203885103728234,97.79611489627176
141,0.0004861394266854,0.0975560199992987,97.5560199992987,0.0004362722707708,2.2475123308053213,97.75248766919468
106,0.0004864733462869,0.0975783513236096,97.57835132360968,0.0004365719376047,2.291169524565793,97.7088304754342
120,0.0004873254338479,0.0976352895591269,97.63528955912696,0.0004373366198228,2.3349031865480807,97.66509681345192
33,0.0004919533122842,0.0979433803528536,97.94338035285368,0.0004414897802608,2.379052164574168,97.62094783542584
424,0.0004924605906655,0.0979770336085217,97.97703360852178,0.0004419450230969,2.4232466668838595,97.57675333311614
163,0.0004931033702981,0.0980196429478156,98.01964294781568,0.000442521867752,2.4674988536590625,97.53250114634092
165,0.0004969857715589,0.098276220107086,98.27622010708602,0.0004460060204891,2.512099455707974,97.48790054429205
461,0.0005022273550799,0.0986205107116498,98.62051071164986,0.00045070993344,2.5571704490519784,97.44282955094802
464,0.0005042830534159,0.0987548841431398,98.75488414313982,0.0004525547625813,2.602425925310109,97.39757407468989
135,0.0005046232651515,0.0987770872938409,98.77708729384088,0.0004528600761154,2.647711932921652,97.35228806707836
195,0.0005063446690235,0.0988892781054262,98.8892781054262,0.0004544049020129,2.693152423122946,97.30684757687706
21,0.0005122305998463,0.099270977633144,99.27097763314404,0.0004596870664799,2.739121129770944,97.26087887022904
457,0.0005123073800437,0.0992759374204353,99.27593742043534,0.0004597559707268,2.785096726843629,97.21490327315637
208,0.000515769019459,0.0994990367923294,99.49903679232948,0.0004628625224801,2.8313829790916416,97.16861702090836
160,0.0005234083983008,0.0999878787356291,99.98787873562912,0.0004697182699707,2.878354806088716,97.12164519391128
238,0.0005256046294248,0.1001275339025358,100.12753390253584,0.0004716892163433,2.925523727723051,97.07447627227695
277,0.0005270531655949,0.1002194314435576,100.21943144355768,0.0004729891647316,2.9728226441962184,97.0271773558038
228,0.0005270630161551,0.1002200558027032,100.2200558027032,0.0004729980048422,3.02012244468044,96.97987755531956
58,0.0005298021297045,0.1003933683721616,100.39336837216166,0.0004754561459073,3.0676680592711705,96.93233194072884
206,0.0005363342686394,0.1008042806523077,100.80428065230775,0.0004813182318227,3.1157998824534463,96.88420011754656
17,0.0005377886100691,0.1008953131405393,100.89531314053934,0.0004826233899794,3.164062221451388,96.8359377785486
421,0.0005425184338289,0.1011902399346331,101.19023993463315,0.0004868680384048,3.212749025291876,96.78725097470812
144,0.0005426771154742,0.1012001047106498,101.20010471064988,0.000487010442822,3.261450069574081,96.73854993042592
358,0.0005447768819264,0.1013304603722589,101.33046037225894,0.0004888948196652,3.3103395515406016,96.6896604484594
42,0.0005449218147586,0.1013394455849345,101.33944558493452,0.0004890248855935,3.3592420400999523,96.64075795990004
366,0.000547793496389,0.1015171499223401,101.51714992234014,0.0004916019961857,3.4084022397185283,96.59159776028147
385,0.0005528184397719,0.1018266132837804,101.82661328378042,0.0004961114914865,3.458013388867181,96.5419866111328
240,0.0005545171252085,0.101930803319895,101.93080331989506,0.0004976359293577,3.507776981802959,96.49222301819704
99,0.0005629548770095,0.102445209407471,102.44520940747108,0.0005052081543952,3.5582977972424787,96.44170220275753
9,0.0005862082256932,0.1038367520706483,103.83675207064832,0.0005260762236699,3.6109054196094754,96.38909458039052
37,0.0005892039147804,0.1040133299702816,104.01332997028167,0.0005287646212959,3.66378188173907,96.33621811826092
270,0.0006085848171611,0.1051414988228422,105.14149882284224,0.0005461574716328,3.718397628902357,96.28160237109763
38,0.0006110169869659,0.1052813763808684,105.28137638086842,0.0005483401545945,3.773231644361815,96.2267683556382
336,0.0006111196609807,0.1052872731379178,105.28727313791782,0.0005484322965257,3.828074874014388,96.1719251259856
352,0.000615049350319,0.1055124677638091,105.51246776380913,0.0005519588866291,3.883270762677305,96.1167292373227
486,0.000623559563059,0.1059968861455269,105.99688614552691,0.0005595961397154,3.939230376648852,96.06076962335116
488,0.0006322711370009,0.1064882225784376,106.4882225784376,0.0005674140987967,3.995971786528527,96.00402821347149
146,0.0006363921378255,0.1067190771643644,106.71907716436448,0.0005711123760581,4.053083024134345,95.94691697586566
15,0.0006411575054218,0.1069847893905228,106.98478939052288,0.0005753889223084,4.11062191636519,95.8893780836348
263,0.0006456432976113,0.1072337124406521,107.23371244065213,0.0005794145714068,4.168563373505871,95.83143662649412
367,0.0006463206073795,0.1072711970488505,107.27119704885054,0.0005800224041691,4.226565613922784,95.7734343860772
170,0.0006469315812622,0.1073049879456048,107.3049879456048,0.0005805707056409,4.284622684486883,95.71537731551312
104,0.0006507909886989,0.1075179485661759,107.51794856617596,0.0005840342232119,4.343026106808074,95.65697389319192
234,0.0006613010258947,0.1080936523538482,108.09365235384826,0.0005934661629839,4.402372723106467,95.59762727689352
332,0.0006704435079615,0.1085895055997964,108.58950559979648,0.0006016708285445,4.462539805960917,95.53746019403908
239,0.0006709510899826,0.1086169024777557,108.61690247775576,0.0006021263438736,4.522752440348279,95.47724755965172
214,0.0006731715051078,0.1087365878321993,108.73658783219932,0.0006041189935036,4.583164339698645,95.41683566030136
55,0.0006860655443794,0.1094264547068654,109.42645470686548,0.0006156903894523,4.644733378643876,95.35526662135612
172,0.0006952532755181,0.1099127668176579,109.91276681765795,0.0006239356625305,4.707126944896929,95.29287305510309
317,0.0007020270723012,0.1102685708682641,110.26857086826408,0.0006300146175423,4.770128406651167,95.22987159334885
24,0.00071363664323,0.110873095562192,110.87309556219208,0.0006404333031987,4.8341717369710375,95.16582826302896
346,0.000715163036778,0.1109520878912175,110.9520878912176,0.0006418031225195,4.898352049222988,95.101647950777
54,0.0007156836864624,0.1109790063017891,110.9790063017891,0.0006422703650586,4.96257908572885,95.03742091427117
422,0.0007171057511238,0.1110524628264864,111.0524628264864,0.0006435465573297,5.026933741461822,94.97306625853818
81,0.0007195044241808,0.1111761461625213,111.17614616252136,0.0006456991795692,5.091503659418751,94.90849634058124
235,0.0007249010633033,0.1114534127997954,111.45341279979542,0.0006505422428455,5.156557883703302,94.8434421162967
399,0.0007282939364739,0.1116270267701401,111.62702677014008,0.0006535870822502,5.221916591928329,94.77808340807168
213,0.0007359135932949,0.1120149701699048,112.0149701699048,0.0006604251307633,5.287959105004663,94.71204089499534
329,0.0007371226453433,0.1120762807321543,112.07628073215434,0.0006615101608055,5.3541101210852124,94.6458898789148
465,0.0007476224962236,0.1126059259797604,112.60592597976046,0.0006709329591527,5.421203417000489,94.57879658299952
229,0.0007492649833729,0.1126883287555796,112.68832875557963,0.0006724069634383,5.4884441133443245,94.51155588665569
444,0.0007499618241958,0.1127232525356374,112.72325253563744,0.000673032323801,5.555747345724427,94.44425265427556
76,0.0007598940409859,0.1132186934615851,113.21869346158518,0.0006819457147644,5.623941917200876,94.37605808279912
250,0.0007612482429965,0.1132859089708955,113.28590897089558,0.0006831610055922,5.692258017760097,94.3077419822399
83,0.0007713073529114,0.1137827125637843,113.7827125637844,0.0006921882732516,5.761476845085264,94.23852315491472
435,0.0007841661566884,0.1144115381257642,114.41153812576428,0.0007037280480883,5.831849649894102,94.1681503501059
438,0.0007847821979895,0.1144414908695374,114.44149086953746,0.0007042808971735,5.902277739611458,94.09772226038854
306,0.0007857810382389,0.1144900225113608,114.4900225113608,0.0007051772784992,5.97279546746138,94.02720453253862
231,0.0007857921985839,0.1144905645377179,114.490564537718,0.0007051872940395,6.043314196865339,93.95668580313466
436,0.0007881094098937,0.1146029939557592,114.60299395575925,0.0007072668107059,6.1140408779359365,93.88595912206408
66,0.0007906685646867,0.1147269064966157,114.72690649661575,0.0007095634528039,6.18499722321633,93.81500277678369
494,0.0007918598306869,0.1147844956003731,114.78449560037316,0.0007106325212531,6.256060475341646,93.74393952465836
128,0.0008002238492614,0.1151872180280791,115.1872180280792,0.0007181385764627,6.327874332987923,93.67212566701208
257,0.0008115006173525,0.1157257695474974,115.72576954749746,0.0007282585974937,6.400700192737302,93.5992998072627
219,0.0008170136062454,0.1159872421583484,115.9872421583484,0.0007332060756266,6.474020800299965,93.52597919970005
158,0.0008227933402385,0.1162601061556974,116.26010615569744,0.0007383929367105,6.547860093971017,93.452139906029
161,0.0008296699939561,0.1165830967398557,116.58309673985572,0.0007445641978097,6.622316513751987,93.37768348624802
112,0.0008328362057296,0.1167312111353695,116.73121113536952,0.0007474056262648,6.697057076378475,93.30294292362152
412,0.000832911096651,0.116734709960978,116.73470996097808,0.0007474728350336,6.771804359881845,93.22819564011816
130,0.0008369485319861,0.1169230251170931,116.9230251170931,0.000751096118777,6.8469139717595535,93.15308602824044
285,0.000839163263612,0.1170260681092179,117.02606810921792,0.0007530836679091,6.922222338550471,93.07777766144952
7,0.0008392162905351,0.1170285330255134,117.02853302551344,0.0007531312554424,6.997535464094717,93.00246453590528
475,0.0008604233360993,0.1180061168212333,118.0061168212333,0.0007721629270509,7.0747517567998175,92.9252482432002
86,0.0008645582222411,0.1181948465206022,118.19484652060224,0.0007758736653031,7.152339123330129,92.84766087666988
414,0.000870976630986,0.1184866152737067,118.48661527370672,0.0007816336872313,7.230502492053261,92.76949750794674
379,0.0008717515112547,0.1185217427856584,118.52174278565842,0.0007823290819181,7.308735400245079,92.69126459975492
53,0.0008807985805715,0.1189303402207067,118.9303402207067,0.0007904481219672,7.387780212441801,92.6122197875582
32,0.0008936373231252,0.1195054079864721,119.50540798647214,0.0008019698934185,7.467977201783654,92.53202279821636
405,0.0008985156192067,0.119722470372929,119.722470372929,0.0008063477841884,7.548611980202496,92.4513880197975
31,0.0009014535175957,0.1198528149041864,119.85281490418642,0.000808984319164,7.629510412118896,92.37048958788112
472,0.0009037201731495,0.1199531852746114,119.9531852746114,0.000811018465977,7.710612258716607,92.2893877412834
168,0.0009079627576423,0.1201406021448878,120.14060214488788,0.0008148258551107,7.792094844227683,92.20790515577232
376,0.0009091167998249,0.1201914811123532,120.1914811123532,0.000815861518083,7.8736809960359855,92.126319003964
392,0.0009102972169115,0.1202434783611312,120.24347836113124,0.0008169208504773,7.955373081083715,92.04462691891628
82,0.000916586024778,0.1205197446877976,120.5197446877977,0.0008225645657115,8.037629537654873,91.96237046234512
25,0.0009178359910419,0.120574504846074,120.57450484607403,0.0008236863130753,8.119998168962413,91.8800018310376
153,0.0009254660387897,0.1209076985869381,120.90769858693815,0.0008305336866359,8.203051537626006,91.796948462374
471,0.0009274637597988,0.1209946336195921,120.99463361959216,0.000832326485642,8.286284186190214,91.71371581380978
440,0.0009368077923118,0.1213996097701826,121.39960977018268,0.0008407120270296,8.370355388893179,91.62964461110684
182,0.0009378626730459,0.1214451595165273,121.44515951652738,0.0008416587003254,8.454521258925721,91.54547874107428
403,0.0009397808208951,0.1215278976921032,121.52789769210328,0.0008433800886183,8.53885926778756,91.46114073221244
115,0.0009402148698903,0.1215466045160294,121.54660451602945,0.0008437696137841,8.623236229165974,91.37676377083405
261,0.0009416081697164,0.1216066146561764,121.60661465617648,0.000845019991856,8.707738228351573,91.29226177164844
297,0.0009516026760367,0.1220353574175983,122.03535741759832,0.0008539892828211,8.793137156633692,91.20686284336632
67,0.0009562194666118,0.1222323944799666,122.2323944799666,0.0008581324927673,8.87895040591043,91.12104959408956
466,0.0009641549815738,0.1225695925476632,122.5695925476632,0.0008652539993602,8.965475805846456,91.03452419415356
420,0.0009679162188724,0.1227287699779468,122.7287699779468,0.0008686294168785,9.052338747534314,90.94766125246568
191,0.0009684316255836,0.122750550102499,122.75055010249903,0.0008690919542576,9.139247942960074,90.86075205703992
150,0.0009727535252974,0.1229328821372235,122.93288213722352,0.0008729705226243,9.226544995222511,90.77345500477747
145,0.0009734644151311,0.1229628213608919,122.9628213608919,0.0008736084908799,9.31390584431051,90.68609415568947
133,0.000981972884554,0.1233200307810749,123.32003078107496,0.0008812441794749,9.402030262258004,90.597969737742
197,0.0009838466891152,0.1233984208650674,123.39842086506748,0.0008829257731207,9.490322839570082,90.50967716042992
56,0.000989254080061,0.1236240809416834,123.62408094168342,0.0008877784853209,9.579100688102177,90.42089931189784
79,0.0009901282723776,0.1236604852742482,123.6604852742482,0.0008885630048355,9.667956988585733,90.33204301141429
61,0.0009951663830168,0.1238698727836703,123.86987278367036,0.0008930843167232,9.75726542025806,90.24273457974192
321,0.0009987417818647,0.1240180405913113,124.01804059131138,0.0008962929587067,9.846894716128734,90.15310528387128
303,0.0010022320948173,0.1241623416561996,124.16234165619962,0.0008994252427264,9.936837240401374,90.06316275959863
105,0.0010093842247271,0.1244569910231827,124.45699102318277,0.0009058437222516,10.02742161262654,89.97257838737346
209,0.0010120025869986,0.1245645127224064,124.56451272240648,0.0009081934984499,10.118240962471535,89.88175903752847
8,0.0010127112490922,0.1245935816703356,124.59358167033568,0.0009088294674823,10.209123909219771,89.79087609078023
100,0.0010129125979954,0.1246018384228973,124.60183842289734,0.0009090101624401,10.300024925463791,89.69997507453621
23,0.0010182715508834,0.1248211930675726,124.82119306757264,0.0009138194052562,10.39140686598942,89.60859313401058
485,0.0010254967974148,0.1251157245778167,125.11572457781678,0.0009203035012544,10.483437216114863,89.51656278388513
20,0.0010355468449005,0.125523115270072,125.523115270072,0.0009293226360895,10.576369479723825,89.42363052027618
102,0.0010505323271096,0.1261257029058594,126.12570290585946,0.0009427709391752,10.67064657364135,89.32935342635865
92,0.0010543596572158,0.1262786855558704,126.27868555587048,0.0009462056698405,10.7652671406254,89.2347328593746
425,0.001054963268791,0.1263027787688105,126.3027787688105,0.0009467473642148,10.859941877046884,89.14005812295312
327,0.0010561852772502,0.1263515272301497,126.35152723014978,0.0009478440216265,10.954726279209538,89.04527372079046
107,0.0010640783778749,0.1266654971506536,126.66549715065364,0.0009549274646552,11.050219025675068,88.94978097432494
218,0.0010657572357388,0.1267320779683285,126.73207796832855,0.0009564341088243,11.145862436557508,88.85413756344249
220,0.0010673369192354,0.126794661871156,126.794661871156,0.0009578517517233,11.241647611729846,88.75835238827015
288,0.001070849449683,0.1269336003304014,126.9336003304014,0.0009610039742143,11.337748009151278,88.66225199084872
450,0.001071485075896,0.1269587101051314,126.95871010513146,0.0009615743992325,11.43390544907453,88.56609455092547
290,0.0010720084227537,0.1269793769436886,126.9793769436886,0.0009620440622745,11.530109855301989,88.46989014469801
192,0.0010751266176315,0.127102374472334,127.10237447233402,0.0009648423993058,11.626594095232573,88.37340590476742
178,0.0010777149876363,0.12720429248759,127.20429248759004,0.0009671652597808,11.723310621210656,88.27668937878934
370,0.0010786599779863,0.1272414611617635,127.24146116176352,0.000968013315016,11.820111952712262,88.17988804728773
497,0.0010843828869323,0.1274660939684561,127.46609396845616,0.0009731491800462,11.917426870716882,88.08257312928312
447,0.0010941938878688,0.1278493587412651,127.8493587412651,0.0009819537892223,12.01562224963912,87.98437775036088
294,0.0010948913277449,0.127876516725948,127.876516725948,0.0009825796871886,12.113880218357984,87.88611978164201
254,0.0010971269103053,0.1279634916162179,127.96349161621792,0.0009845859484103,12.212338813199024,87.78766118680097
418,0.0011047234761691,0.1282581546093584,128.25815460935846,0.0009914032745878,12.311479140657813,87.68852085934219
315,0.0011099493758668,0.1284600784809901,128.46007848099015,0.0009960931125289,12.411088451910716,87.58891154808929
400,0.0011180704797078,0.1287726163374649,128.77261633746497,0.0010033811706855,12.51142656897927,87.48857343102073
432,0.0011195721920684,0.1288302432700255,128.8302432700255,0.001004728840563,12.611899453035576,87.38810054696442
484,0.0011249060430179,0.1290345096688269,129.0345096688269,0.0010095155563444,12.712851008670023,87.28714899132997
169,0.0011330018638794,0.1293433189248921,129.34331892489217,0.0010167809249961,12.814529101169642,87.18547089883036
492,0.0011330452190456,0.1293449687102224,129.34496871022247,0.0010168198328809,12.91621108445774,87.08378891554226
334,0.0011357545974831,0.1294479847540738,129.44798475407384,0.0010192512889991,13.018136213357655,86.98186378664235
360,0.0011539672893479,0.1301362512140053,130.1362512140053,0.0010355957613882,13.12169578949648,86.87830421050352
289,0.0011557939344937,0.1302048803790019,130.2048803790019,0.0010372350331319,13.225419292809676,86.77458070719032
147,0.001165383982768,0.1305640082252328,130.56400822523284,0.0010458413545034,13.330003428260024,86.66999657173997
119,0.0011707595540918,0.1307644513851236,130.76445138512364,0.0010506655110712,13.435069979367151,86.56493002063284
304,0.0011779829749183,0.1310328329030343,131.03283290303435,0.0010571479686415,13.540784776231307,86.4592152237687
241,0.0011819408686704,0.1311794208404029,131.17942084040297,0.0010606998700095,13.646854763232264,86.35314523676774
268,0.0011924820796204,0.1315682443988721,131.56824439887217,0.0010701597857979,13.753870741812054,86.24612925818795
93,0.0011944141195983,0.131639260965873,131.6392609658731,0.0010718936411943,13.86106010593149,86.13893989406851
199,0.0011957104710788,0.1316868684209782,131.68686842097824,0.0010730570156771,13.96836580749921,86.03163419250079
237,0.0012058755504564,0.1320589852562211,132.05898525622118,0.0010821793826756,14.076583745766772,85.92341625423323
459,0.0012307168220501,0.1329596423296081,132.9596423296081,0.0011044724890811,14.187030994674888,85.81296900532512
316,0.0012393816429175,0.1332709455423952,133.27094554239525,0.0011122484909195,14.298255843766846,85.70174415623316
62,0.0012400307128246,0.1332942063527628,133.29420635276284,0.0011128309806061,14.40953894182746,85.59046105817254
406,0.0012516991398387,0.1337109918921083,133.7109918921083,0.0011233024850147,14.52186919032894,85.47813080967106
87,0.0012819028530664,0.1347779451048221,134.77794510482212,0.0011504079651142,14.63690998684036,85.36309001315963
401,0.0012936650613747,0.1351889128535529,135.1889128535529,0.0011609636309299,14.753006349933354,85.24699365006664
69,0.0012991905183886,0.1353811108634264,135.3811108634264,0.0011659222982302,14.86959857975638,85.13040142024362
91,0.0013094712076553,0.1357372700679553,135.73727006795536,0.0011751484160994,14.987113421366328,85.01288657863367
342,0.0013159478721315,0.1359606883280411,135.96068832804116,0.001180960718009,15.105209493167235,84.89479050683276
114,0.0013228880157789,0.1361992825724275,136.1992825724275,0.0011871889563751,15.223928388804747,84.77607161119525
359,0.0013294302277445,0.1364234335033842,136.42343350338422,0.001193060082051,15.343234397009851,84.65676560299015
205,0.0013325575412381,0.1365303225887482,136.5303225887482,0.0011958666023297,15.462821057242826,84.53717894275718
258,0.0013419776795949,0.1368512882708848,136.85128827088488,0.0012043204427843,15.58325310152126,84.41674689847873
19,0.0013557887553359,0.1373191590460322,137.31915904603224,0.0012167148075376,15.704924582275028,84.29507541772497
287,0.0013674220693088,0.1377107956497139,137.71079564971396,0.0012271548007267,15.827640062347708,84.17235993765229
202,0.0013709399491082,0.1378287877927056,137.82878779270564,0.0012303118238443,15.95067124473214,84.04932875526787
154,0.0013742854219722,0.1379408101816412,137.94081018164127,0.0012333141251658,16.074002657248723,83.92599734275127
74,0.0013890126303523,0.1384317972991644,138.43179729916446,0.0012465306476065,16.198655722009377,83.80134427799062
36,0.0013981215583341,0.1387337429255269,138.73374292552694,0.0012547052009893,16.32412624210831,83.6758737578917
380,0.001398235674085,0.1387375173409064,138.73751734090646,0.0012548076109874,16.44960700320705,83.55039299679295
198,0.0014083787662691,0.1390721863164803,139.07218631648033,0.0012639102461922,16.575998027826273,83.42400197217373
364,0.0014138697886421,0.1392526913067867,139.25269130678674,0.0012688380110844,16.702881828934718,83.29711817106528
260,0.0014282107261054,0.1397219235784479,139.7219235784479,0.0012817078854633,16.831052617481053,83.16894738251895
117,0.0014404526178876,0.1401199966620115,140.11999666201157,0.001292694029835,16.960322020464563,83.03967797953544
266,0.001443560780067,0.1402207063964714,140.22070639647146,0.0012954833633009,17.08987035679466,82.91012964320534
482,0.0014450347058102,0.1402684135686385,140.2684135686385,0.0012968060968535,17.219550966480018,82.78044903351999
272,0.0014505068638556,0.1404452499359543,140.44524993595434,0.001301716932481,17.349722659728126,82.65027734027187
49,0.0014540155940519,0.1405584029519573,140.55840295195728,0.0013048657445424,17.48020923418237,82.51979076581763
395,0.00145740725329,0.1406676076524778,140.66760765247787,0.0013079094945373,17.6110001836361,82.3889998163639
156,0.0014612918583125,0.1407924762769024,140.7924762769024,0.0013113956249788,17.742139746133994,82.257860253866
43,0.0014663968253157,0.1409562367644904,140.9562367644904,0.0013159769352459,17.873737439658587,82.12626256034142
478,0.0014844197197048,0.1415313657640968,141.53136576409685,0.0013321510791836,18.00695254757695,81.99304745242304
47,0.0014869521292453,0.1416118038753904,141.61180387539042,0.0013344237195006,18.14039491952701,81.85960508047299
388,0.0014967010698201,0.14192061427829,141.92061427829006,0.0013431726343359,18.274712182960613,81.72528781703939
44,0.0015000498175777,0.1420263807400776,142.02638074007763,0.0013461778746194,18.409329970422554,81.59067002957744
121,0.0015037464311521,0.1421429515275621,142.1429515275622,0.0013494952973786,18.544279500160425,81.45572049983957
480,0.0015103100926217,0.1423494633067022,142.34946330670223,0.0013553856723138,18.679818067391803,81.3201819326082
296,0.0015229980114088,0.1427469720162652,142.74697201626523,0.001366772091182,18.816495276510008,81.18350472348999
295,0.001540478418485,0.1432910280947071,143.29102809470717,0.0013824593950099,18.954741216011005,81.045258783989
186,0.0015440697896767,0.1434022948005343,143.40229480053435,0.0013856823709279,19.093309453103792,80.90669054689621
357,0.0015499256622226,0.143583350134872,143.58335013487203,0.0013909375604326,19.23240320914705,80.76759679085295
77,0.0015524781274159,0.1436621260644087,143.6621260644087,0.0013932281991358,19.371726029060643,80.62827397093936
122,0.0015576691868023,0.1438220701245142,143.82207012451423,0.0013978867706112,19.51151470612177,80.48848529387823
116,0.0015603381350861,0.1439041659987422,143.90416599874226,0.0014002819438155,19.651542900503323,80.34845709949667
291,0.0015622878591942,0.1439640796445379,143.96407964453792,0.0014020316693414,19.791746067437465,80.20825393256254
271,0.0015625750092191,0.1439728993500606,143.97289935006063,0.001402289364123,19.93197500384977,80.06802499615023
397,0.0015706164021765,0.1442194501400076,144.2194501400076,0.0014095058879701,20.072925592646797,79.9270744073532
149,0.001571933892061,0.1442597643679658,144.25976436796583,0.0014106882325241,20.21399441589921,79.78600558410079
12,0.0015732081249563,0.1442987335407564,144.2987335407564,0.0014118317572996,20.35517759162917,79.64482240837083
451,0.0015755903677922,0.1443715319737851,144.3715319737851,0.0014139696346954,20.49657455509872,79.50342544490128
225,0.0015910367300593,0.1448417825996455,144.84178259964554,0.0014278315417359,20.639357709272318,79.36064229072768
455,0.0015967236298112,0.1450141484606003,145.0141484606003,0.001432935091319,20.78265121840422,79.21734878159577
269,0.0016028623464628,0.1451997498526128,145.1997498526128,0.0014384441113783,20.926495629542053,79.07350437045795
361,0.0016079204659461,0.1453523240868571,145.35232408685712,0.0014429833796451,21.07079396750657,78.92920603249343
473,0.0016109188590315,0.1454426172720274,145.44261727202743,0.0014456742038989,21.215361387896465,78.78463861210354
299,0.0016239774624982,0.1458345609550126,145.83456095501265,0.001457393283395,21.361100716235967,78.63889928376403
341,0.0016303444471652,0.1460248993078823,146.02489930788235,0.0014631071562186,21.507411431857832,78.49258856814217
212,0.0016305174834032,0.1460300652316443,146.03006523164436,0.0014632624427647,21.65373767613431,78.34626232386569
179,0.001644975172103,0.1464604087021354,146.46040870213542,0.0014762370922848,21.8013613853628,78.1986386146372
449,0.0016543602006174,0.146738412763151,146.73841276315105,0.0014846594243905,21.94982732780185,78.05017267219814
415,0.0016702877478861,0.1472078233073317,147.2078233073317,0.0014989531574911,22.09972264355097,77.90027735644904
221,0.0016759749789512,0.1473747120144031,147.37471201440317,0.0015040570044021,22.250128343991182,77.74987165600882
6,0.0017025627833427,0.148149948384191,148.14994838419108,0.0015279174879588,22.402920092787067,77.59707990721293
224,0.0017102042702306,0.148371261106356,148.37126110635606,0.0015347751272566,22.55639760551273,77.44360239448727
27,0.0017222958804991,0.1487201153125665,148.72011531256655,0.001545626405675,22.71096024608023,77.28903975391977
391,0.001735279751581,0.1490928988609567,149.09289886095678,0.0015572784186765,22.866688087947885,77.13331191205211
181,0.0017551334972672,0.1496593463977997,149.6593463977997,0.001575095609051,23.024197648852997,76.97580235114701
350,0.0017658472373546,0.1499632472747882,149.96324727478822,0.0015847103563021,23.18266868448321,76.81733131551678
45,0.0017660312899226,0.1499684572690414,149.9684572690414,0.0015848755291463,23.34115623739785,76.65884376260215
16,0.001768889182758,0.1500493095162956,150.04930951629564,0.0015874402653691,23.49990026393477,76.50009973606524
368,0.001772037217996,0.1501382694089739,150.1382694089739,0.0015902653817994,23.658926802114703,76.3410731978853
50,0.0017850986048043,0.15050624805034,150.50624805034002,0.0016019869591278,23.81912549802749,76.18087450197251
262,0.0018136902260049,0.1513055400823346,151.3055400823347,0.0016276457121963,23.98189006924713,76.01810993075287
175,0.001817426627804,0.1514093708446213,151.4093708446213,0.0016309988417882,24.14498995342596,75.85501004657405
355,0.0018225812653774,0.1515523795958711,151.55237959587112,0.0016356247275233,24.308552426178288,75.6914475738217
458,0.0018262752607961,0.1516546989472577,151.65469894725777,0.0016389398006917,24.472446406247464,75.52755359375254
491,0.0018335148205194,0.1518548268086045,151.85482680860454,0.0016454367416648,24.636990080413952,75.36300991958605
454,0.0018343601379871,0.1518781601016145,151.8781601016145,0.0016461953482515,24.801609615239112,75.19839038476088
200,0.0018376944041456,0.1519701259927809,151.970125992781,0.0016491875924278,24.966528374481893,75.0334716255181
431,0.0018489604478728,0.1522800460842631,152.2800460842631,0.0016592979891775,25.13245817339964,74.86754182660036
313,0.001855019802331,0.1524462138066229,152.44621380662295,0.0016647357878496,25.298931752184608,74.70106824781539
356,0.0018556840844851,0.152464408619357,152.46440861935702,0.0016653319293429,25.465464945118903,74.5345350548811
125,0.0018579599998225,0.1525267134636921,152.52671346369212,0.0016673743860906,25.632202383727964,74.36779761627204
136,0.0018726799746383,0.1529284598334105,152.9284598334106,0.0016805844169707,25.80026082542504,74.19973917457496
460,0.0018859020125168,0.1532875326887043,153.28753268870437,0.0016924501661218,25.969505842037226,74.03049415796278
429,0.0018871251101605,0.1533206636259187,153.3206636259187,0.0016935478009917,26.1388606221364,73.8611393778636
343,0.0018986152087296,0.1536312076310645,153.63120763106457,0.0017038592695107,26.30924654908748,73.69075345091252
0,0.0019021451639443,0.1537263604093677,153.72636040936774,0.001707027129373,26.47994926202478,73.52005073797523
28,0.0019039164363867,0.1537740621298176,153.77406212981768,0.0017086167084282,26.650810932867603,73.3491890671324
275,0.0019158421601527,0.1540944633194146,154.0944633194146,0.0017193191166313,26.822742844530733,73.17725715546926
387,0.0019230298791959,0.154286929673304,154.28692967330406,0.0017257695346318,26.995319797993915,73.00468020200609
222,0.0019567783046667,0.1551842592159287,155.18425921592876,0.001756056117877,27.170925409781617,72.82907459021838
110,0.0019659993626083,0.1554276390557147,155.42763905571474,0.001764331299165,27.347358539698124,72.65264146030188
251,0.0019666180006834,0.1554439400734983,155.44394007349837,0.0017648864786526,27.523847187563387,72.47615281243661
177,0.0019720310208247,0.15558642671236,155.58642671236004,0.0017697442426173,27.700821611825127,72.29917838817488
171,0.0019918728818122,0.1561065043830169,156.10650438301693,0.0017875507674005,27.879576688565177,72.12042331143482
232,0.0019994146319271,0.1563032762252882,156.3032762252882,0.0017943189007128,28.05900857863647,71.94099142136353
393,0.0020461253580398,0.1575111147478236,157.51111474782368,0.0018362381391698,28.242632392553453,71.75736760744655
374,0.0020494985824665,0.1575976243757386,157.5976243757386,0.0018392653453573,28.426558927089182,71.57344107291081
264,0.0020568944468876,0.1577869668556605,157.78696685566055,0.0018459025576223,28.61114918285142,71.38885081714858
111,0.0020585532983774,0.157829372987643,157.82937298764307,0.0018473912476289,28.79588830761432,71.20411169238568
26,0.0020634055971974,0.1579532843352544,157.95328433525447,0.0018517458078815,28.98106288840248,71.01893711159752
98,0.0020726721077485,0.1581893811005831,158.1893811005831,0.0018600617793464,29.167069066337117,70.83293093366288
89,0.0020973464226768,0.1588146331603185,158.81463316031852,0.0018822050551487,29.35528957185199,70.64471042814802
308,0.0021044876145593,0.1589946766989248,158.99467669892485,0.0018886137186464,29.544150943716637,70.45584905628337
280,0.0021135921620361,0.159223630617914,159.2236306179141,0.0018967843408671,29.73382937780335,70.26617062219665
337,0.0021258565937486,0.1595310097481681,159.53100974816817,0.0019077907130707,29.924608449110423,70.07539155088958
441,0.0021381874941868,0.1598388652180779,159.83886521807796,0.0019188567357784,30.11649412268827,69.88350587731173
29,0.002140117923295,0.1598869534215409,159.8869534215409,0.0019205891455448,30.308553037242756,69.69144696275725
386,0.0021432800298721,0.1599656610449652,159.96566104496523,0.0019234268899059,30.500895726233352,69.49910427376665
279,0.0021543859650816,0.1602414857108964,160.24148571089646,0.0019333936017316,30.69423508640652,69.30576491359348
267,0.0021568948373838,0.1603036642115776,160.3036642115776,0.0019356451192105,30.887799598327568,69.11220040167242
256,0.002157417342956,0.1603166076327862,160.31660763278623,0.0019361140272644,31.08141100105401,68.91858899894599
88,0.0021580390005376,0.1603320045090473,160.33200450904735,0.0019366719165239,31.275078192706403,68.7249218072936
167,0.0021581349462579,0.1603343805769628,160.33438057696284,0.0019367580203348,31.468753994739885,68.53124600526012
140,0.0021761870750276,0.1607801889659918,160.78018896599184,0.001952958399852,31.664049834725088,68.33595016527491
78,0.0021901701370555,0.1611238176974947,161.12381769749476,0.0019655071089021,31.860600545615306,68.1393994543847
143,0.0021911276249952,0.1611472940526707,161.14729405267076,0.0019663663797506,32.057237183590374,67.94276281640963
39,0.0022224301560438,0.1619110539029832,161.9110539029832,0.001994457963259,32.25668297991628,67.74331702008372
470,0.0022298291999962,0.1620905361070476,162.0905361070476,0.0020010980289057,32.45679278280686,67.54320721719314
439,0.0022406771741016,0.162352964307724,162.352964307724,0.0020108332407327,32.65787610688014,67.34212389311986
442,0.0022440848940854,0.1624352271184696,162.43522711846967,0.0020138914039959,32.85926524727973,67.14073475272028
184,0.0022497424539134,0.1625716176522642,162.57161765226425,0.0020189686232826,33.06116210960799,66.93883789039201
286,0.0022664138240359,0.1629722004386073,162.9722004386073,0.0020339298794592,33.264555097553924,66.73544490244608
487,0.0022835693671827,0.1633823714427287,163.38237144272875,0.0020493256432137,33.46948766187529,66.53051233812471
90,0.0022852370708467,0.1634221347887552,163.42213478875522,0.0020508222773571,33.674569889611014,66.325430110389
203,0.0023019118937392,0.1638186558547385,163.81865585473855,0.0020657866321259,33.88114855282361,66.11885144717638
331,0.002331461094501,0.1645166471981032,164.51664719810327,0.0020923047382662,34.09037902665023,65.90962097334977
283,0.0023345594994694,0.1645894932999394,164.58949329993948,0.0020950853153952,34.29988755818975,65.70011244181025
85,0.0024116883520823,0.1663824523500133,166.38245235001332,0.0021643024531632,34.516317803506084,65.48368219649392
489,0.0024448152154788,0.1671407984409723,167.14079844097236,0.0021940312328593,34.73572092679202,65.26427907320797
493,0.0024851427785902,0.1680547946973889,168.0547946973889,0.0022302220796977,34.9587431347618,65.04125686523821
353,0.0025095050015849,0.1686021652768742,168.6021652768742,0.002252085277298,35.183951662491594,64.8160483375084
63,0.0025110783608206,0.1686373935197306,168.63739351973064,0.0022534972446654,35.40930138695815,64.59069861304185
80,0.0025241544675887,0.1689296058228838,168.92960582288384,0.0022652320320112,35.635824590159274,64.36417540984073
311,0.0025675615143545,0.1698924496246363,169.8924496246363,0.002304186475573,35.86624323771658,64.13375676228341
73,0.0026095998854018,0.1708146442369252,170.81464423692518,0.0023419126392816,36.10043450164475,63.89956549835525
14,0.002618977382705,0.1710190049399169,171.0190049399169,0.0023503282127118,36.33546732291593,63.66453267708407
41,0.0026472262157349,0.1716316894921245,171.63168949212456,0.0023756793400964,36.57303525692558,63.42696474307442
347,0.0026798176300688,0.1723331683269766,172.33316832697668,0.0024049275959642,36.813528016522,63.186471983478
398,0.0026812950742801,0.1723648329027285,172.36483290272858,0.0024062534870679,37.05415336522879,62.94584663477121
34,0.0027110130312185,0.1729992927283458,172.9992927283458,0.0024329230387325,37.29744566910204,62.70255433089796
75,0.0027145416282549,0.173074317590345,173.0743175903451,0.0024360896797354,37.54105463707559,62.45894536292441
474,0.0027187425050905,0.1731635517052722,173.16355170527228,0.0024398596394953,37.78504060102513,62.21495939897487
2,0.0027277502763769,0.1733545834243858,173.35458342438582,0.0024479434126229,38.02983494228742,61.97016505771258
396,0.0027360353630311,0.1735299179085834,173.5299179085834,0.0024553786325819,38.27537280554562,61.72462719445438
404,0.0027364505956632,0.1735386960163399,173.53869601633997,0.0024557512715274,38.52094793269836,61.47905206730164
394,0.0027468036810677,0.1737572759857859,173.7572759857859,0.0024650423592915,38.76745216862752,61.232547831372486
483,0.0027762833391355,0.1743766733374986,174.37667333749863,0.0024914980562804,39.016601974255565,60.98339802574444
216,0.0027768859651314,0.1743892892825429,174.38928928254293,0.0024920388661741,39.26580586087298,60.73419413912702
339,0.002780351826758,0.1744618115096068,174.46181150960686,0.0024951492070332,39.5153207815763,60.4846792184237
108,0.0027842783485218,0.1745439001469173,174.54390014691734,0.0024986729544852,39.76518807702482,60.234811922975176
255,0.0028037061717917,0.1749489304543818,174.94893045438187,0.0025161079126656,40.01679886829139,59.98320113170861
166,0.0028280861205814,0.1754545638441813,175.45456384418137,0.0025379870177863,40.27059757007002,59.729402429929976
132,0.0028539884908259,0.1759885980701964,175.98859807019645,0.0025612323775835,40.52672080782838,59.47327919217162
48,0.0028780738403267,0.1764822789470132,176.4822789470132,0.0025828471027883,40.78500551810721,59.21499448189279
51,0.0029020500529628,0.1769709947720631,176.9709947720631,0.0026043638861575,41.04544190672297,58.95455809327703
65,0.0029087259894565,0.1771065934367933,177.10659343679336,0.0026103550191818,41.306477408641165,58.69352259135884
103,0.0029368880568038,0.1776763362326288,177.6763362326288,0.0026356282811244,41.570040236753606,58.4299597632464
314,0.002975876493952,0.1784591253904089,178.4591253904089,0.0026706173667133,41.837101973424936,58.16289802657506
323,0.002981833475122,0.1785781232832461,178.57812328324613,0.0026759632933329,42.10469830275824,57.89530169724176
325,0.0030124959467808,0.1791881488845709,179.18814888457092,0.0027034804733923,42.37504635009747,57.62495364990253
164,0.0030245272358869,0.1794263788867958,179.42637888679585,0.0027142776182657,42.64647411192404,57.35352588807596
64,0.0030544450196307,0.1800160508250615,180.01605082506157,0.0027411264989239,42.920586761816445,57.07941323818356
302,0.0030550361297789,0.1800276625854373,180.02766258543738,0.0027416569742413,43.194752459240576,56.805247540759424
413,0.0030911045429131,0.1807333743263101,180.73337432631016,0.002774025565714,43.47215501581198,56.52784498418802
402,0.0031124623105627,0.1811486741064729,181.14867410647295,0.0027931924986546,43.75147426567744,56.24852573432256
320,0.00311545852756,0.1812067831545691,181.20678315456917,0.0027958813700388,44.03106240268133,55.96893759731867
137,0.0031167723608366,0.1812322520693132,181.2322520693133,0.002797060433072,44.31076844598854,55.68923155401146
40,0.0031553142213523,0.1819762302817713,181.9762302817713,0.0028316487509165,44.59393332108019,55.40606667891981
11,0.0031904739932424,0.1826496575072873,182.64965750728732,0.0028632019076453,44.88025351184473,55.11974648815527
373,0.0032264945412987,0.1833344601784082,183.33446017840825,0.0028955275439388,45.169806266238616,54.83019373376138
46,0.0032507153379339,0.1837920715095458,183.7920715095458,0.0029172638223969,45.46153264847831,54.53846735152169
196,0.0033036110736091,0.184783602724433,184.78360272443305,0.002964733625195,45.75800601099782,54.24199398900218
426,0.0033112630718008,0.184926161222381,184.92616122238107,0.0029716006975692,46.05516608075475,53.94483391924525
124,0.0033275218688596,0.1852283388872659,185.228338887266,0.0029861917015559,46.35378525091035,53.64621474908965
18,0.0033294256767067,0.1852636576567457,185.2636576567457,0.0029879002208139,46.65257527299174,53.34742472700826
282,0.0033935002277332,0.1864445759835606,186.44457598356064,0.0030454021396884,46.95711548696059,53.04288451303941
369,0.0033988543217738,0.186542578752973,186.54257875297304,0.0030502070220674,47.26213618916733,52.73786381083267
351,0.0034352126499105,0.1872053839360608,187.2053839360608,0.0030828357896738,47.57041976813471,52.42958023186529
210,0.0034525232787017,0.1875193106164542,187.51931061645425,0.0030983707307147,47.88025684120619,52.11974315879381
3,0.0034534217455805,0.1875355755588802,187.5355755588802,0.0030991770347582,48.19017454468201,51.80982545531799
59,0.003467130617956,0.187783398065009,187.78339806500904,0.0031114796799514,48.50132251267716,51.49867748732285
434,0.0035302090555284,0.1889153587951443,188.9153587951443,0.0031680876645867,48.81813127913583,51.18186872086417
362,0.0035546364415431,0.1893500927518532,189.35009275185328,0.003190009340922,49.13713221322802,50.86286778677198
215,0.0035611992790717,0.1894665519102824,189.46655191028248,0.0031958989764342,49.456722110871446,50.54327788912856
10,0.003589622581891,0.1899692852742485,189.9692852742485,0.0032214066768656,49.778862778558015,50.22113722144199
407,0.0035973768217261,0.1901059763365835,190.1059763365836,0.0032283655031514,50.10169932887315,49.89830067112685
495,0.0036551657665404,0.1911185397102934,191.11853971029348,0.003280226580027,50.429721986875855,49.57027801312415
68,0.0037398241552408,0.1925828103348166,192.5828103348166,0.0033562008899692,50.76534207587278,49.23465792412722
416,0.0037436408668812,0.1926483021081275,192.6483021081275,0.0033596260913884,51.10130468501163,48.89869531498837
157,0.0038075392028078,0.1937381970180521,193.7381970180521,0.0034169698709359,51.443001672105225,48.556998327894775
148,0.0039243630058267,0.1956997106702493,195.6997106702493,0.0035218101349125,51.79518268559649,48.20481731440351
476,0.0039595610329069,0.1962830539131233,196.28305391312333,0.0035533976226948,52.15052244786597,47.849477552134026
183,0.0039921235547833,0.1968196479219865,196.81964792198653,0.0035826199498324,52.50878444284922,47.49121555715078
265,0.0040222936788607,0.197314219861421,197.31421986142104,0.0036096952862856,52.869753971477785,47.130246028522215
468,0.0041045932481746,0.198650883705197,198.650883705197,0.0036835527395534,53.23810924543313,46.76189075456687
372,0.0041251039428119,0.1989812209175593,198.9812209175593,0.0037019594904427,53.60830519447741,46.39169480552259
322,0.0041568612314084,0.1994905379499327,199.4905379499327,0.00373045918343,53.981351112820406,46.0186488871796
490,0.0041655231225311,0.1996290051243079,199.629005124308,0.0037382325560507,54.35517436842549,45.64482563157451
310,0.0042142858771382,0.2004049557291086,200.40495572910865,0.0037819933302519,54.73337370145068,45.26662629854932
318,0.0042921901796636,0.2016323033970563,201.63230339705635,0.0038519063739178,55.11856433884247,44.88143566115753
354,0.004418908504572,0.2035973537764595,203.5973537764596,0.0039656262006207,55.51512695890454,44.48487304109546
278,0.0045442826528464,0.205504926753711,205.50492675371095,0.0040781397334904,55.92294093225358,44.07705906774642
13,0.0046266084584122,0.2067385067374299,206.73850673742996,0.0041520207317507,56.33814300542866,43.66185699457134
233,0.0046682696915294,0.2073571929964686,207.3571929964686,0.0041894084435417,56.757083849782845,43.24291615021716
123,0.0047444498193823,0.2084790463453016,208.4790463453016,0.0042577741747325,57.182861267256094,42.81713873274391
448,0.0048517277476368,0.2100386734736247,210.03867347362475,0.0043540477596221,57.61826604321831,42.381733956781694
446,0.0048781802096838,0.2104197042667133,210.41970426671327,0.0043777867839662,58.05604472161493,41.94395527838507
35,0.0050329824178122,0.2126223580516862,212.6223580516863,0.004516709708447,58.50771569245963,41.49228430754037
217,0.0051164084237067,0.2137907254662809,213.7907254662809,0.0045915780508093,58.96687349754056,41.03312650245944
338,0.0051224005069428,0.2138741532630072,213.87415326300723,0.0045969554787993,59.42656904542049,40.57343095457951
456,0.0051311211544139,0.2139954547025717,213.9954547025717,0.0046047815806663,59.88704720348713,40.11295279651287
349,0.0051742613621067,0.2145935082877647,214.5935082877647,0.0046434965569437,60.35139685918151,39.648603140818494
307,0.0051767412232318,0.2146277854575284,214.6277854575284,0.0046457220391508,60.81596906309659,39.18403093690341
292,0.0051922553051627,0.214841976338086,214.84197633808608,0.0046596447193149,61.28193353502809,38.71806646497191
481,0.0052632354245953,0.2158165395642819,215.816539564282,0.0047233438479694,61.75426791982503,38.24573208017497
443,0.0054846800398906,0.218801800590504,218.80180059050403,0.0049220731422042,62.24647523404545,37.75352476595455
371,0.005488102081383,0.2188472966004283,218.84729660042828,0.0049251441579058,62.73898964983604,37.26101035016396
101,0.0056284091226092,0.2206966183356656,220.6966183356656,0.0050510587990989,63.244095529745934,36.75590447025407
180,0.0057317882118778,0.2220396347281407,222.0396347281407,0.0051438334796735,63.75847887771329,36.24152112228671
57,0.0057795749970899,0.2226549871268068,222.6549871268068,0.0051867183973595,64.27715071744925,35.722849282550754
417,0.0058350073909592,0.2233645577086622,223.3645577086622,0.0052364646533102,64.80079718278026,35.19920281721974
381,0.0060673753164522,0.2262910682979264,226.29106829792644,0.0054449967676469,65.34529685954496,34.65470314045504
22,0.0061435641225432,0.2272343196776079,227.234319677608,0.0055133702868804,65.896633888233,34.103366111767
193,0.0061487662438508,0.2272984391896642,227.2984391896642,0.0055180387855685,66.44843776678985,33.55156223321015
378,0.0062215271490475,0.2281914980371443,228.19149803714436,0.0055833360307435,67.00677136986421,32.99322863013579
274,0.006373952042579,0.2300400163221193,230.0400163221193,0.005720125500539,67.57878391991812,32.42121608008188
365,0.0065049177792227,0.2316048927177454,231.60489271774543,0.0058376570484496,68.16254962476307,31.837450375236926
252,0.0067598492965695,0.2345917835982769,234.59178359827692,0.0060664382290304,68.76919344766613,31.230806552333878
126,0.0067685230337985,0.2346920776394364,234.6920776394364,0.0060742222326089,69.37661567092702,30.623384329072977
330,0.0069570621520359,0.2368512895630375,236.8512895630375,0.0062434214061946,70.00095781154648,29.999042188453515
344,0.0070821989021483,0.2382629415057983,238.26294150579832,0.0063557218927045,70.63653000081693,29.363469999183067
176,0.0071181193209667,0.2386650800703836,238.66508007038365,0.0063879576708058,71.27532576789753,28.724674232102476
189,0.0071661899261447,0.2392011320113386,239.20113201133864,0.0064310972948049,71.91843549737801,28.081564502621987
419,0.0073051393319536,0.2407372492413419,240.737249241342,0.0065557935639552,72.57401485377353,27.425985146226463
201,0.00734617801366,0.2411872108394139,241.18721083941392,0.0065926225843446,73.233277112208,26.766722887792
185,0.0079689848069851,0.247819109557664,247.81910955766404,0.007151543171856,73.94843142939361,26.051568570606392
324,0.0081025958820214,0.2491964506032923,249.1964506032923,0.0072714487049325,74.67557629988686,25.324423700113144
312,0.0082124844531515,0.2503179418773067,250.3179418773068,0.0073700651384639,75.41258281373325,24.587417186266748
427,0.0082338760122235,0.2505350929135152,250.53509291351523,0.0073892623965742,76.15150905339067,23.84849094660933
190,0.0084400715216577,0.252609202747338,252.609202747338,0.0075743068060288,76.90893973399356,23.09106026600644
118,0.0090807874685283,0.258846102245407,258.84610224540705,0.0081492994639299,77.72386968038656,22.276130319613443
309,0.009105130329752,0.2590771920683328,259.07719206833286,0.0081711452858488,78.54098420897144,21.459015791028563
273,0.0097338995202133,0.2649086130375264,264.90861303752644,0.0087354166603877,79.41452587501021,20.585474124989787
155,0.0097796623522616,0.2653231101446369,265.32311014463687,0.0087764852377519,80.29217439878539,19.70782560121461
300,0.00995561465148,0.2669048621360614,266.9048621360614,0.0089343887216366,81.18561327094906,18.814386729050938
247,0.0103116944985846,0.2700497659214981,270.0497659214981,0.0092539426498816,82.11100753593723,17.888992464062767
467,0.0105004200897063,0.2716873080077952,271.68730800779525,0.0094233091683568,83.05333845277292,16.94666154722708
244,0.0116314887649413,0.2811116824482675,281.1116824482675,0.0104383552071178,84.0971739734847,15.9028260265153
453,0.0116681097718605,0.2814063941564463,281.4063941564463,0.0104712197084719,85.14429594433189,14.855704055668111
452,0.0120227650366209,0.2842291256765866,284.2291256765866,0.0107894951850215,86.22324546283406,13.776754537165942
138,0.0120319077313209,0.2843011546340261,284.3011546340261,0.0107977000414038,87.30301546697444,12.696984533025557
227,0.0121840907991665,0.2854947774864853,285.4947774864853,0.0109342724914817,88.3964427161226,11.603557283877391
30,0.0122143341090482,0.2857308003731204,285.7308003731204,0.0109614135064939,89.49258406677201,10.507415933227987
162,0.012808367047012,0.290289758510046,290.289758510046,0.0114945117999715,90.64203524676915,9.357964753230831
226,0.0131123779375645,0.2925685316262921,292.56853162629216,0.0117673378952848,91.81876903629764,8.181230963702347
375,0.0140426768341878,0.2993301245541856,299.3301245541856,0.0126022086954023,93.07898990583789,6.9210100941621135
479,0.0200595342303486,0.3371118928799086,337.1118928799087,0.0180018695643536,94.87917686227324,5.120823137726745
139,0.0281411219593312,0.3773817800778146,377.3817800778146,0.0252544650882277,97.40462337109604,2.5953766289039635
248,0.0289203552675642,0.3808333740509197,380.8333740509197,0.0259537662890396,100.0,0.0
