cluster_id,n_points,diameter_proxy_m,diameter_proxy_mm,pca_span_1_m,pca_span_2_m,pca_span_3_m,pairwise_d90_m,proxy_volume_m3
0,25,0.0827539258694252,82.7539258694252,0.0827539258694252,0.06926655328165883,0.026103310772513513,0.0693116376849265,0.0002967320386035961
1,22,0.10543994560584631,105.4399456058463,0.10543994560584631,0.07378997346191003,0.022164081877825748,0.08554499175063043,0.0006137819914227685
2,26,0.07820883990317437,78.20883990317436,0.07820883990317437,0.07490231103778991,0.025720800320013053,0.06755023071289565,0.0002504760201119966
3,45,0.21282876978678883,212.82876978678883,0.21282876978678883,0.11484813212832849,0.05025427123306821,0.1403668246711047,0.005047654564587291
4,28,0.08905996717128065,89.05996717128065,0.08905996717128065,0.07844789676859898,0.042941815416359136,0.08115767996579136,0.0003698675362784543
5,38,0.11791596334576529,117.91596334576529,0.11791596334576529,0.11093572208914354,0.054882905765292,0.10246239689898443,0.0008584528219478286
6,62,0.16200792632151778,162.00792632151777,0.16200792632151778,0.13904578304074877,0.07554125691300673,0.14223650272251592,0.0022264216257197747
7,64,0.1926853124107448,192.68531241074479,0.1926853124107448,0.08011112187655961,0.06510010145647918,0.1587615610737673,0.0037457988911070734
8,20,0.11483730611921836,114.83730611921835,0.11483730611921836,0.05065863530182417,0.037679065846256604,0.09546065565113332,0.0007929532999211089
9,42,0.19235098136445494,192.35098136445495,0.19235098136445494,0.11270224013886462,0.06379323624082935,0.15772841596401294,0.0037263345351172196
10,32,0.09240218196111508,92.40218196111508,0.09240218196111508,0.05530356184456677,0.025992581017904373,0.06628981194339463,0.0004130905901998926
11,54,0.11087061471687733,110.87061471687733,0.11087061471687733,0.08348666262235782,0.07249646118933427,0.09689428300271943,0.0007135887402874525
12,39,0.11528093536636311,115.28093536636311,0.11528093536636311,0.07735999977258665,0.030019478407574542,0.09266757782337555,0.0008021786464208957
13,29,0.11799607409400403,117.99607409400403,0.11799607409400403,0.09140527557680797,0.03396434876691867,0.10914707510806945,0.0008602036798202577
14,57,0.13730025091934112,137.30025091934112,0.13730025091934112,0.09358627767560265,0.06567943836651598,0.0905365419351806,0.0013552287774851268
15,37,0.08960850338370605,89.60850338370605,0.08960850338370605,0.06642394615451988,0.039856717653919335,0.06721158935189353,0.00037674395625286386
16,34,0.11409384829037217,114.09384829037216,0.11409384829037217,0.07930423059663974,0.04313708925857711,0.08309616585837898,0.0007776520274750943
17,37,0.08457278837071724,84.57278837071725,0.08457278837071724,0.05875109512268197,0.03369043641633573,0.06801060769142775,0.0003167309992631173
18,21,0.15387467555170387,153.87467555170386,0.15387467555170387,0.07242362080499365,0.03751587092997968,0.11955743916055928,0.0019076560445214533
19,32,0.09917652553346272,99.17652553346272,0.09917652553346272,0.08330277853412826,0.04129552085229079,0.08644130437428221,0.0005107698938455799
20,120,0.24434975545776216,244.34975545776217,0.24434975545776216,0.12418365731264423,0.08413379278586826,0.1805737033932769,0.007638961979910403
21,162,0.17500373611372927,175.00373611372927,0.17500373611372927,0.1444893243664103,0.07163057223418211,0.14232871532226687,0.0028063419199419646
22,129,0.28581769747517327,285.81769747517325,0.28581769747517327,0.130077683539071,0.06253550436364057,0.21145231766412942,0.01222548145187581
23,54,0.20092654424108064,200.92654424108065,0.20092654424108064,0.12792618064769193,0.051954843003932,0.16231612120435007,0.004247276813664554
24,121,0.23308168023692954,233.08168023692954,0.23308168023692954,0.12914736172717028,0.0530924487837118,0.16719973933491147,0.006630145249857086
25,31,0.08498580782784952,84.98580782784953,0.08498580782784952,0.06108834965643045,0.03112769716027207,0.06580145114218651,0.0003213940579447846
26,57,0.18342140422050038,183.4214042205004,0.18342140422050038,0.07958390926674642,0.057163317453489675,0.1194606375185199,0.0032310870908904233
27,26,0.11162394885992057,111.62394885992056,0.11162394885992057,0.0645188745084975,0.034284856747052075,0.0895757406667011,0.0007282336940324411
28,21,0.11420499221500954,114.20499221500954,0.11420499221500954,0.053798097046067105,0.017508772433802174,0.09456849888928176,0.0007799268790179753
29,51,0.17124811811778293,171.24811811778292,0.17124811811778293,0.06096030457978835,0.042565395939390786,0.12487714283564745,0.0026295173773078972
30,57,0.17458468960423845,174.58468960423846,0.17458468960423845,0.09454085646754082,0.03723281090726088,0.12918185008886368,0.0027862307927782326
31,265,0.2568680994142937,256.86809941429374,0.2568680994142937,0.23261831927437362,0.12306343130957381,0.1880424580160742,0.008874198509938702
32,27,0.0874278146387128,87.4278146387128,0.0874278146387128,0.08869862518116674,0.03071486780032047,0.08126145623790368,0.000349902858780316
33,46,0.12129726773478333,121.29726773478333,0.12129726773478333,0.06452038439489786,0.029087014590945946,0.09493969963466707,0.0009344405520474242
34,39,0.15531323573220657,155.31323573220658,0.15531323573220657,0.09401526688232546,0.054931585279988794,0.11612134379592694,0.001961661305004383
35,36,0.11057309487131665,110.57309487131666,0.11057309487131665,0.06391207575074288,0.025529539629669806,0.07927828686840328,0.0007078594241993848
36,110,0.15449115232745492,154.49115232745493,0.15449115232745492,0.1351437764031143,0.07614342983322758,0.12107812184611366,0.0019306762753654805
37,47,0.13810132785609983,138.10132785609983,0.13810132785609983,0.08718064876499093,0.06979315392810378,0.12019861601197938,0.001379088653915664
38,405,0.3208759553884195,320.8759553884195,0.3208759553884195,0.2074473547584172,0.14158119669444938,0.22532060324083292,0.017298567741360307
39,31,0.13055394100581086,130.55394100581086,0.13055394100581086,0.06445020664738847,0.022682846084314676,0.10160530485742653,0.00116511443057292
40,40,0.16024614686003402,160.24614686003403,0.16024614686003402,0.0812620546495298,0.050695527016054655,0.14036264549228888,0.002154573972694176
41,45,0.14144029276293335,141.44029276293335,0.14144029276293335,0.10007515457376384,0.044901930361515394,0.11597122020984747,0.0014815559675466358
42,36,0.10661833624870617,106.61833624870617,0.10661833624870617,0.11201142943217621,0.0599244619489682,0.09796172656809592,0.0006345916098963265
43,36,0.10213512907406665,102.13512907406664,0.10213512907406665,0.07467072103462137,0.04698866753489844,0.09360855885410554,0.0005578584920394363
44,72,0.18268274577908344,182.68274577908343,0.18268274577908344,0.1393936641731241,0.03500814568603042,0.14915902926845603,0.003192208237874947
45,39,0.17300734357084704,173.00734357084704,0.17300734357084704,0.13203147462891227,0.03841473268864866,0.12822612850647408,0.0027113915348698477
46,61,0.15604322101579926,156.04322101579925,0.15604322101579926,0.09226340702042432,0.03997611035824329,0.11980711423455191,0.0019894514324837634
47,102,0.2648066276313004,264.80662763130044,0.2648066276313004,0.1356013261018697,0.09317545598221205,0.19934824696924977,0.009722661679864736
48,31,0.10382409240070485,103.82409240070486,0.10382409240070485,0.06032204848914678,0.04169820577269599,0.08055388728946294,0.0005859938421220993
49,25,0.08104302240227151,81.04302240227152,0.08104302240227151,0.07573550454592776,0.019349068945295846,0.07330311763124436,0.00027870548109601456
50,37,0.09329157298019283,93.29157298019284,0.09329157298019283,0.08767762350566233,0.032863323117253054,0.08289526028675748,0.0004251340299068625
51,20,0.08466903402034795,84.66903402034795,0.08466903402034795,0.06311250859107938,0.024345224245549916,0.07248647089733863,0.000317813570357967
52,31,0.09068728626823516,90.68728626823516,0.09068728626823516,0.06747465253954801,0.031167545938996913,0.0731938756394946,0.0003905151086990292
53,26,0.09527632959489692,95.27632959489692,0.09527632959489692,0.06474062711957722,0.019516155481109135,0.08089902962794424,0.0004528492749071546
54,35,0.09449750211144743,94.49750211144743,0.09449750211144743,0.06880654323092886,0.027010158509295695,0.07826923365275011,0.0004418344843018257
55,33,0.1179994642789959,117.99946427899589,0.1179994642789959,0.0788429151055747,0.04982777199842968,0.08807103790781465,0.0008602778263564764
56,49,0.1374185033999688,137.4185033999688,0.1374185033999688,0.06974112859160028,0.029088189034654197,0.10875273399935825,0.0013587334447292315
57,95,0.20251816545789159,202.5181654578916,0.20251816545789159,0.12373052687344713,0.07526562583043067,0.17291736535196517,0.004349011701026435
58,50,0.14593828081548765,145.93828081548764,0.14593828081548765,0.06850896455165588,0.04215193671380042,0.10151899503177265,0.001627444923285613
59,170,0.2990540358925618,299.0540358925618,0.2990540358925618,0.14445964501812059,0.1073267725880295,0.24029455198546082,0.014003855660087867
60,20,0.13298984857332338,132.98984857332337,0.13298984857332338,0.03746633350286323,0.021151741929803465,0.09618600741228148,0.0012315558084797429
61,102,0.307537450652508,307.53745065250797,0.307537450652508,0.20382104614147317,0.07448357788705137,0.22238974880018986,0.015229745713843605
62,39,0.10800290969931174,108.00290969931174,0.10800290969931174,0.06049735407398141,0.032274011044521246,0.0706198623618247,0.0006596369730795541
63,20,0.08659351735160245,86.59351735160244,0.08659351735160245,0.04891236253487781,0.020315536875320967,0.06543853733659928,0.0003399810918381756
64,29,0.09484642677145934,94.84642677145933,0.09484642677145934,0.08254356135243576,0.01532032249533297,0.07596183481564696,0.0004467468966036341
65,148,0.16953958118552964,169.53958118552964,0.16953958118552964,0.10054852621983182,0.07684121961173158,0.11060934022134952,0.002551596162157717
66,30,0.09426841968969057,94.26841968969057,0.09426841968969057,0.07380404940425697,0.038465418206986166,0.07358542599715823,0.0004386289601682026
67,20,0.12242209448022785,122.42209448022786,0.12242209448022785,0.05220720996048414,0.024676496271891377,0.09406237313725854,0.000960678427691202
68,78,0.16640220159735095,166.40220159735094,0.16640220159735095,0.11046465301769404,0.08730843748766687,0.1462449914902383,0.0024125472410357293
69,58,0.15452552731623248,154.52552731623248,0.15452552731623248,0.0925440667532646,0.0715923234177537,0.12960983578079796,0.0019319653150745486
70,24,0.10487416290299584,104.87416290299583,0.10487416290299584,0.0640278258188115,0.03789684631601223,0.08746356126810374,0.0006039543927198208
71,21,0.07550517767233064,75.50517767233065,0.07550517767233064,0.03560566297771953,0.022160411014586358,0.05857863887076548,0.0002253869797097561
72,24,0.059145044700181365,59.145044700181366,0.059145044700181365,0.04767656069333889,0.02144921198440304,0.05124961157756526,0.0001083312402764391
73,81,0.2236075109870173,223.60751098701732,0.2236075109870173,0.15374806952364756,0.06810389032750477,0.16788336260027084,0.005854068293551948
74,25,0.09680348338630859,96.80348338630859,0.09680348338630859,0.04616505181498883,0.02796055934175254,0.06959761603515137,0.0004749759041922781
75,35,0.08633418643844692,86.33418643844692,0.08633418643844692,0.07373329941733697,0.03660439517957097,0.07101538095195159,0.0003369356966999531
76,58,0.11612042625597585,116.12042625597584,0.11612042625597585,0.08176746122373124,0.06034889806612376,0.08437310517363329,0.0008198312837445548
77,55,0.24490045773580504,244.90045773580505,0.24490045773580504,0.08981349811289885,0.04841582526500046,0.206119860466175,0.007690727310186178
78,52,0.15407191827842945,154.07191827842945,0.15407191827842945,0.085981103411468,0.027448627272132767,0.0980257414300099,0.001915001381969976
79,72,0.2143037874368176,214.3037874368176,0.2143037874368176,0.13486531497703003,0.05353673988107541,0.1472485104199749,0.0051533324661135445
80,53,0.23374884163510287,233.74884163510288,0.23374884163510287,0.12582614678529389,0.06342257537693562,0.1799413018536146,0.006687241761751623
81,136,0.18009681104758635,180.09681104758636,0.18009681104758635,0.09550128531153942,0.09650547112812259,0.12688540882225355,0.0030585577919313932
82,25,0.07993642793207205,79.93642793207205,0.07993642793207205,0.04989315332581855,0.01996828600393869,0.05655705437261362,0.0002674439846970474
83,30,0.10446261791618376,104.46261791618376,0.10446261791618376,0.08751463310293117,0.040373661913307976,0.09032498178208112,0.000596872182012809
84,22,0.0699580075469449,69.9580075469449,0.0699580075469449,0.035829693969680956,0.03483373855282403,0.05336873250666262,0.00017927136208771688
85,25,0.0701680345291947,70.1680345291947,0.0701680345291947,0.06772882201720565,0.035389202523411004,0.061532082404305154,0.0001808908324852093
86,41,0.1139112766996916,113.9112766996916,0.1139112766996916,0.08593845048945833,0.033304436007554006,0.09710380239237909,0.0007739248300629986
87,43,0.10372982550176288,103.72982550176287,0.10372982550176288,0.06909074250358481,0.03486691065000401,0.0795281286531832,0.0005843991347290079
88,24,0.059775958923546674,59.775958923546675,0.059775958923546674,0.05330703463189279,0.022407271193034747,0.048411382534852304,0.00011183513791236712
89,42,0.12561234491049103,125.61234491049103,0.12561234491049103,0.08366451213462286,0.042208169465737994,0.11314301957696205,0.0010377568085240642
90,46,0.1433848031623523,143.3848031623523,0.1433848031623523,0.10843675619922187,0.06388635419987523,0.1341043910803789,0.0015435048402267333
91,25,0.07405591459471907,74.05591459471907,0.07405591459471907,0.04454149296447919,0.038391187227676635,0.06283467976035519,0.00021265611323826724
92,34,0.06387073089184853,63.870730891848524,0.06387073089184853,0.05690185702162826,0.03117161050932899,0.058649218814791654,0.00013642824113903654
93,35,0.14519431008675504,145.19431008675505,0.14519431008675504,0.08614169184099982,0.03266331614983909,0.11355380280439062,0.0016026822042265266
94,38,0.14703379545169376,147.03379545169375,0.14703379545169376,0.14454267332656062,0.04260136436107211,0.12760787743362398,0.0016643709476403296
95,32,0.10796578229943318,107.96578229943319,0.10796578229943318,0.11787097742304953,0.04983543686253393,0.1042272634038141,0.0006589569306322537
96,42,0.08828946124234613,88.28946124234614,0.08828946124234613,0.07653215858510407,0.0536058944126789,0.0728669470579568,0.0003603505774768759
97,24,0.0758265570361926,75.8265570361926,0.0758265570361926,0.06335279396477647,0.05122369938834479,0.06594463135726311,0.00022827725058209932
98,24,0.07966626098232826,79.66626098232827,0.07966626098232826,0.057850295943275135,0.02685836471342154,0.060359549655044184,0.00026474143973649145
99,30,0.1829673394601761,182.9673394601761,0.1829673394601761,0.09633409804913626,0.021873040304808307,0.12953988257778454,0.0032071505080420643
100,66,0.1964263100952685,196.42631009526852,0.1964263100952685,0.09938295019107687,0.0827553621640307,0.16857630914709307,0.003968236957960366
101,32,0.11866337800073062,118.66337800073062,0.11866337800073062,0.06835285606091934,0.057713949622526454,0.09421042954465372,0.0008748805148778769
102,43,0.11581475709305766,115.81475709305766,0.11581475709305766,0.0727202195031888,0.03394130171566221,0.09991402073984995,0.0008133740719341242
103,36,0.0864895977769912,86.48959777699119,0.0864895977769912,0.08182932505307675,0.040034406754585306,0.07357583644069739,0.0003387585416294127
104,74,0.20877731415760878,208.77731415760877,0.20877731415760878,0.15895991362122602,0.04741956750581355,0.17136069190473374,0.004764842404314339
105,76,0.15209196256174462,152.09196256174462,0.15209196256174462,0.09721877121676695,0.06934736518755664,0.11637955693593799,0.001842117864282217
106,75,0.18854902305431365,188.54902305431364,0.18854902305431365,0.1161915504565527,0.06121157985830736,0.14986402916353925,0.0035097120098849504
107,39,0.11002669438222329,110.02669438222328,0.11002669438222329,0.10366714481471707,0.038306223898031025,0.09409419533275891,0.000697417463852279
108,24,0.13431038549858726,134.31038549858727,0.13431038549858726,0.05432261243943562,0.044712838321588046,0.11912697886840928,0.0012686078930447433
109,680,0.36231514001354326,362.31514001354327,0.36231514001354326,0.32672999173181916,0.22040381433803297,0.26865282935845763,0.02490336700894757
110,112,0.1814359501836013,181.4359501836013,0.1814359501836013,0.14573063861175845,0.08106832406388872,0.14755725959146482,0.003127293575921806
111,31,0.07165579657084557,71.65579657084557,0.07165579657084557,0.05721166965065903,0.026203165876373936,0.05976382108338173,0.00019264272243058115
112,20,0.10254748223051746,102.54748223051746,0.10254748223051746,0.07514870377219889,0.0390332889712517,0.08759482362982283,0.0005646425835039876
113,24,0.1799504932301467,179.9504932301467,0.1799504932301467,0.0698786807969063,0.035812670599509364,0.13785462885965521,0.003051109164514644
114,49,0.1622450567816046,162.2450567816046,0.1622450567816046,0.09238005265183302,0.06191060658484658,0.12615904102548092,0.0022362123600800417
115,30,0.06842158415017212,68.42158415017212,0.06842158415017212,0.05980311667767421,0.021023737370058387,0.06223654823472113,0.00016771735224902528
116,67,0.14999355154908012,149.9935515490801,0.14999355154908012,0.12919062460444672,0.07372791662599175,0.12845800686605277,0.0017669179703738527
117,53,0.13267572750834444,132.67572750834444,0.13267572750834444,0.07045813321197375,0.034349514392097324,0.09170891363871343,0.001222849626975143
118,27,0.11756990069526478,117.56990069526478,0.11756990069526478,0.06230958008642877,0.033978235272669986,0.08138322374079095,0.0008509167573565845
119,47,0.13237668371744654,132.37668371744655,0.13237668371744654,0.11073444415895436,0.0353983640768165,0.1155741630271123,0.001214599542824946
120,130,0.19161023817238332,191.6102381723833,0.19161023817238332,0.1093254434938002,0.09560468200399655,0.14843688333321436,0.003683449791499988
121,33,0.10905867740478156,109.05867740478156,0.10905867740478156,0.0909412282147101,0.05144511713639063,0.09294667029522495,0.0006791712631387748
122,65,0.15802879620451338,158.02879620451338,0.15802879620451338,0.12944579170861706,0.10553571943462337,0.14863936068559375,0.002066366335511051
123,38,0.07793751727571345,77.93751727571345,0.07793751727571345,0.05992783868983452,0.03942310666523051,0.06577303766543889,0.0002478781941634347
124,25,0.08381559446811791,83.81559446811791,0.08381559446811791,0.07194970884388233,0.02455657514880266,0.07072904296412966,0.0003082997064330407
125,34,0.13449914324684176,134.49914324684175,0.13449914324684176,0.06143064482964534,0.04040378545145035,0.10016001666140127,0.0012739640594840859
126,44,0.09996023354153974,99.96023354153974,0.09996023354153974,0.07142173386558119,0.04103773798075559,0.07560086121100926,0.0005229743738977919
127,64,0.156985672533671,156.985672533671,0.156985672533671,0.08602287747352164,0.07759792084561992,0.12010965293192441,0.002025716548273608
128,70,0.13978096437432588,139.7809643743259,0.13978096437432588,0.09821523560710096,0.05434644155515786,0.10323069222146813,0.001430022002363581
129,32,0.08744274589573342,87.44274589573342,0.08744274589573342,0.055103627245496174,0.01044188724289854,0.0675821420558616,0.00035008216264993973
130,56,0.17500498433747994,175.00498433747993,0.17500498433747994,0.09163332470557098,0.06401848504288377,0.1323778306701934,0.0028064019695334718
131,54,0.1650277233413001,165.0277233413001,0.1650277233413001,0.14328872897629785,0.03571287218798003,0.13866555031157346,0.002353256935798228
132,108,0.24821467166631844,248.21467166631845,0.24821467166631844,0.1119181150887461,0.05553839191724975,0.20357888955017894,0.008007205377842844
133,21,0.09776369579796265,97.76369579796265,0.09776369579796265,0.05972469190398588,0.03184095924654661,0.08557241417029784,0.0004892506995844851
134,27,0.08133737130247548,81.33737130247547,0.08133737130247548,0.08421388369268784,0.03261435484553385,0.07179147129020447,0.00028175330561807944
135,23,0.07770914352585667,77.70914352585667,0.07770914352585667,0.06807332377117867,0.054112024411649445,0.06933811696839157,0.00024570556304241383
136,28,0.13300030882849134,133.00030882849134,0.13300030882849134,0.05993709150870249,0.04026555733380649,0.10000940967639411,0.0012318464336988856
137,155,0.1375845601545373,137.5845601545373,0.1375845601545373,0.09326586929143779,0.07832178471605392,0.10360286116674605,0.0013636650867922724
138,25,0.08549111751743466,85.49111751743466,0.08549111751743466,0.04052838843993274,0.023931054513369767,0.07310854999337742,0.000327161058480534
139,27,0.13564157920828354,135.64157920828353,0.13564157920828354,0.06033390904837116,0.03206242925170667,0.10765415154496463,0.0013067037412785379
140,104,0.20302308535723598,203.02308535723597,0.20302308535723598,0.12271202842794127,0.069346287465098,0.14970420141071916,0.004381621841509578
141,30,0.15985890712639872,159.85890712639872,0.15985890712639872,0.07705241883883343,0.040205545248096594,0.12624029654845337,0.002138991905514473
142,31,0.16639157857243866,166.39157857243868,0.16639157857243866,0.06719851492484068,0.03342035491875682,0.12390043590361045,0.002412085223470098
143,141,0.20815415933988146,208.15415933988146,0.20815415933988146,0.09480583593590305,0.08205222722879327,0.14546845047395812,0.004722303575642902
144,22,0.09983224928739534,99.83224928739534,0.09983224928739534,0.04792207516751221,0.037513116449952935,0.0784273731310069,0.000520968171363091
145,21,0.1099023646704611,109.90236467046111,0.1099023646704611,0.05599846998636916,0.032577446930215755,0.08517694324210895,0.0006950558978332332
146,28,0.13415032038905977,134.15032038905977,0.13415032038905977,0.08965144986903426,0.02622281982185342,0.10692027630401711,0.0012640776858146214
147,93,0.14146204202371987,141.46204202371987,0.14146204202371987,0.1374136457916769,0.08712168018455521,0.1250924064798491,0.0014822395288208938
148,47,0.10084810067955871,100.84810067955871,0.10084810067955871,0.09265996075234216,0.03705344455493827,0.08367983326486354,0.0005370340127402167
149,36,0.12111004955346114,121.11004955346114,0.12111004955346114,0.08582107723277436,0.01397247418634503,0.09411925139512972,0.0009301203958951806
150,42,0.18852424120400363,188.52424120400363,0.18852424120400363,0.11316323416736801,0.04497762919398665,0.13680385231054798,0.0035083282998298456
151,36,0.12547527354074212,125.47527354074212,0.12547527354074212,0.07668801712763335,0.0381130038750508,0.11514922304100324,0.0010343632348942772
152,26,0.10006470760606206,100.06470760606206,0.10006470760606206,0.08114514965530077,0.03224267157309484,0.08185159202034832,0.0005246158581434304
153,58,0.15120392320992282,151.2039232099228,0.15120392320992282,0.09228867977425878,0.070017670323154,0.12058704360980198,0.0018100384539896882
154,44,0.13700620862602175,137.00620862602176,0.13700620862602175,0.0897106114579444,0.07275582598617973,0.10644456826397522,0.0013465403351539788
155,33,0.10452705982229638,104.52705982229638,0.10452705982229638,0.06314224914360439,0.04503295208243885,0.0851179048507378,0.0005979774763624775
156,20,0.09100481815146498,91.00481815146497,0.09100481815146498,0.054237277330184575,0.029483018787523102,0.07036444229508346,0.0003946315296238082
157,42,0.13931526534340688,139.31526534340688,0.13931526534340688,0.08511735004145138,0.04232804866657332,0.11029182097614545,0.0014157766379878775
158,23,0.08467694721148103,84.67694721148104,0.08467694721148103,0.059649595739099295,0.02448841051099831,0.07012847080458828,0.00031790268751662204
159,116,0.2881908323685347,288.1908323685347,0.2881908323685347,0.18479018838907954,0.15428290592069496,0.25014312479672235,0.012532540201688046
160,30,0.08838182856180668,88.38182856180669,0.08838182856180668,0.048944858148343,0.03196361128267211,0.06423542274997873,0.0003614827437805801
161,46,0.1383274698924791,138.3274698924791,0.1383274698924791,0.09474870353129734,0.04051073700992397,0.10161127872625994,0.0013858745600972865
162,21,0.07253982737755968,72.53982737755967,0.07253982737755968,0.04561607918691322,0.022550572551578996,0.0579294360357657,0.0001998610550042861
163,82,0.32019698811835395,320.19698811835394,0.32019698811835395,0.23964204866955213,0.09705028669017515,0.24266476055789202,0.017188989636969305
164,20,0.101155013520377,101.155013520377,0.101155013520377,0.06698741639531522,0.01539497913611802,0.083361689596737,0.0005419520454020378
165,49,0.12179563426787582,121.79563426787581,0.12179563426787582,0.059026460897317584,0.02378149009018588,0.09377149595632672,0.0009460057726417293
166,149,0.2624919862109262,262.4919862109262,0.2624919862109262,0.2604055809873756,0.09680423474023528,0.2233630124006064,0.00946993001691354
167,251,0.21565217885608073,215.65217885608072,0.21565217885608073,0.16867682909455078,0.10698669687956011,0.16532107707571925,0.00525121951810042
168,24,0.11372017879614914,113.72017879614914,0.11372017879614914,0.06336206232251584,0.025890779768692272,0.08236554500962825,0.0007700363447676217
169,140,0.2124338917597508,212.4338917597508,0.2124338917597508,0.18733249216638287,0.1421186002339752,0.177424356220344,0.005019610724337964
170,99,0.18448733791159166,184.48733791159165,0.18448733791159166,0.10369808470712988,0.04843067563884386,0.13607513163684282,0.003287746430088056
171,55,0.17620109323441557,176.20109323441557,0.17620109323441557,0.1296212126918867,0.06907697725977205,0.13836061174681627,0.002864339013221431
172,22,0.10502515705558504,105.02515705558504,0.10502515705558504,0.04455862156309941,0.029392885762059763,0.07634003879064974,0.0006065668076239098
173,30,0.11655559740421662,116.55559740421661,0.11655559740421662,0.08243756177407385,0.0281189598135821,0.09025088313529989,0.0008290830308441235
174,41,0.11812673271400319,118.12673271400318,0.11812673271400319,0.10635349701547368,0.0249105360668258,0.09878038731581176,0.0008630643900637348
175,103,0.1738731080791075,173.8731080791075,0.1738731080791075,0.1486808981153035,0.04091670697288806,0.1311636769983666,0.0027523006624143613
176,24,0.13950960042977953,139.50960042977954,0.13950960042977953,0.06466290764841436,0.04413716715384081,0.09977930010755742,0.0014217096356517011
177,35,0.13604330091679434,136.04330091679435,0.13604330091679434,0.07602256158584758,0.03766668751060187,0.09891043521616637,0.0013183481232321222
178,23,0.07966549800665225,79.66549800665224,0.07966549800665225,0.057887173798406494,0.020888701058765762,0.06351387155459877,0.00026473383340445196
179,21,0.0605391463560435,60.5391463560435,0.0605391463560435,0.04400869428179641,0.03365315080085638,0.05344297375848788,0.00011617361423408345
180,54,0.15174114035650538,151.74114035650538,0.15174114035650538,0.11057163746110013,0.049413209004557195,0.11412640732070435,0.0018293999079137648
181,104,0.20954590457672123,209.54590457672123,0.20954590457672123,0.15112854966873654,0.06678814619421096,0.1629658213363405,0.0048176600795362245
182,47,0.11789175966006359,117.89175966006358,0.11789175966006359,0.07906753296947436,0.04384066135209838,0.09040466968683583,0.0008579243067973523
183,95,0.19267028975841022,192.6702897584102,0.19267028975841022,0.13568067635249956,0.05424845044710424,0.1503135319911108,0.003744922839165442
184,27,0.08799896969797696,87.99896969797696,0.08799896969797696,0.06310890680157338,0.022315362292645552,0.06844873140187739,0.0003568053721032175
185,31,0.11407630739780335,114.07630739780335,0.11407630739780335,0.06865139918587394,0.029566662750982846,0.0791392850692648,0.0007772934118131712
186,20,0.12029485704480877,120.29485704480878,0.12029485704480877,0.07057707441317387,0.028178673848937526,0.10098862183132974,0.0009114645948138371
187,25,0.09921305971303074,99.21305971303073,0.09921305971303074,0.06273665877278452,0.02830936347139433,0.07587213188119252,0.0005113345668017619
188,42,0.17813804614977824,178.13804614977823,0.17813804614977824,0.08640437194764311,0.03466179811080805,0.1333265213139258,0.0029598430056794597
189,62,0.198833326702267,198.833326702267,0.198833326702267,0.10641252483537494,0.0678697966939676,0.15202590475470582,0.00411591273861838
190,77,0.18789557840617177,187.89557840617178,0.18789557840617177,0.10114707692451622,0.03535933350075652,0.13369764199780154,0.0034733480412944997
191,21,0.08313100990786138,83.13100990786137,0.08313100990786138,0.05320669572377415,0.02803079254873685,0.07112036769937727,0.0003008068985003985
192,28,0.10047478204851974,100.47478204851974,0.10047478204851974,0.06516091448080309,0.015990784963966574,0.07895557901929129,0.0005310920991902155
193,31,0.06721040592814019,67.21040592814019,0.06721040592814019,0.0729252970254336,0.031105502221965273,0.0639597082462823,0.00015896743892697572
194,23,0.14037736557045682,140.37736557045682,0.14037736557045682,0.06165499177213952,0.028792802632134396,0.11284694909060572,0.0014484045680824805
195,40,0.08536180859954746,85.36180859954746,0.08536180859954746,0.06350165659206419,0.045536214848084185,0.06779966460146676,0.00032567876810658407
196,32,0.16860830543607702,168.60830543607702,0.16860830543607702,0.08925935376304898,0.03732810031280504,0.14512325324234093,0.0025097791852770543
197,90,0.16102788280025576,161.02788280025575,0.16102788280025576,0.1280942120254555,0.05738282166445456,0.13865118519895528,0.002186260311602813
198,24,0.08740745571221381,87.40745571221382,0.08740745571221381,0.04329289131666732,0.03301174786938524,0.06335769859448256,0.0003496584747285135
199,23,0.1163438545904909,116.3438545904909,0.1163438545904909,0.05884100663217977,0.023995672856388775,0.07630455255290085,0.0008245727288828535
200,163,0.15836783113785574,158.36783113785575,0.15836783113785574,0.12222616420407004,0.09522529706685434,0.1261512269278372,0.0020796944339590163
201,49,0.10555076884129763,105.55076884129763,0.10555076884129763,0.06505858262934894,0.03568409039436266,0.08411539957453527,0.0006157193831288194
202,24,0.08497519695859176,84.97519695859177,0.08497519695859176,0.04009423736961605,0.027391699764237165,0.0644809968739748,0.00032127369039238975
203,31,0.07936595246884473,79.36595246884472,0.07936595246884473,0.08067374878613692,0.02932398946736897,0.0742918981103557,0.00026175881748609624
204,23,0.07564997787835462,75.64997787835462,0.07564997787835462,0.06051242246952973,0.006094448312715321,0.06376228525405829,0.00022668617706381254
205,22,0.1842754212301434,184.2754212301434,0.1842754212301434,0.05099360433758507,0.019749920676685722,0.13820966125359818,0.0032764297460777707
206,32,0.09284382406326958,92.84382406326958,0.09284382406326958,0.04908288318006514,0.03671682250109538,0.06638580219550877,0.000419042123710991
207,23,0.09063543500584806,90.63543500584805,0.09063543500584806,0.0582973827568591,0.02805764345476306,0.07422062714134123,0.00038984565015534183
208,22,0.10568404196514972,105.68404196514972,0.10568404196514972,0.034463533014595746,0.020357200655335743,0.08249874236779227,0.000618054633775107
209,55,0.18083290692777498,180.83290692777499,0.18083290692777498,0.10567222238309078,0.03484134156512904,0.13363099409473478,0.003096214309910139
210,48,0.1848344755063666,184.8344755063666,0.1848344755063666,0.08487511687098545,0.03722367684021598,0.1312627496103574,0.003306340376813247
211,63,0.11474792080014828,114.74792080014828,0.11474792080014828,0.07707238232057245,0.03194110881256117,0.08844003109183848,0.0007911031199267831
212,32,0.15727093295230904,157.27093295230904,0.15727093295230904,0.11416952178733766,0.051482019740601265,0.11943755576901455,0.0020367794830093867
213,79,0.13059803738758213,130.59803738758214,0.13059803738758213,0.12690293358981494,0.07524345720185148,0.11326659752348739,0.0011662954294541358
214,114,0.25791169724190444,257.91169724190445,0.25791169724190444,0.1118205621631696,0.09313145850315815,0.16579688854690722,0.008982800212812107
215,150,0.1980579906240525,198.05799062405248,0.1980579906240525,0.1812126805704702,0.07699027655275345,0.17146418337497582,0.004067951142509798
216,177,0.27928986054023036,279.28986054023034,0.27928986054023036,0.12277158153658316,0.11129920944616925,0.222359415652145,0.011406807955023947
217,45,0.12433964650897904,124.33964650897904,0.12433964650897904,0.06805050593288729,0.026832606087836674,0.08807830585733929,0.0010065318162236665
218,38,0.1358289098972622,135.8289098972622,0.1358289098972622,0.08025912893861006,0.0232606280727952,0.10042041904659847,0.0013121251747885891
219,42,0.177541582137246,177.541582137246,0.177541582137246,0.1417913960747214,0.04725585236678501,0.14049646111714742,0.002930210899475186
220,41,0.16718005757281723,167.18005757281722,0.16718005757281723,0.06405818050737788,0.03590981647112545,0.12285055969142421,0.0024465383830764237
221,170,0.28535070200470314,285.3507020047031,0.28535070200470314,0.24438981994151288,0.11989313452704513,0.23920869583402848,0.012165653932797374
222,59,0.10717743766197227,107.17743766197226,0.10717743766197227,0.09233471651960468,0.10186554567031315,0.09741707553584093,0.0006446273567592657
223,292,0.2789193278705363,278.9193278705363,0.2789193278705363,0.2859753425613939,0.11215818911307689,0.25513978322550834,0.01136146806974925
224,57,0.17264391701569862,172.6439170156986,0.17264391701569862,0.06783320730943199,0.0716904684943814,0.13330764447335752,0.0026943404116266255
225,139,0.224165785078487,224.165785078487,0.224165785078487,0.16046759047985237,0.05497396707270016,0.1572543630821977,0.00589802488051964
226,63,0.1641161278445702,164.1161278445702,0.1641161278445702,0.13835872734155757,0.05172863206289702,0.13113045404034376,0.0023144745377094576
227,22,0.07573862719357065,75.73862719357065,0.07573862719357065,0.05162974557794453,0.022880642459206714,0.06018828729932778,0.00022748402788275128
228,42,0.17893038586744014,178.93038586744015,0.17893038586744014,0.06558578164672335,0.03236359775465747,0.1457942289689703,0.0029995141691689584
229,47,0.18185666388174207,181.85666388174207,0.18185666388174207,0.09294640669476298,0.03035767279244773,0.1293901790449465,0.0031490987656294547
230,20,0.056516911407652005,56.516911407652,0.05419939856552227,0.061030797150159216,0.01869625361483422,0.056516911407652005,9.452221333150108e-05
231,89,0.0961781059599055,96.17810595990551,0.0961781059599055,0.10133442004154741,0.055106804617273394,0.08907841141732795,0.0004658298164275345
232,20,0.06225404825095053,62.25404825095053,0.06225404825095053,0.04924540008254742,0.04052934870379968,0.05577980158651615,0.0001263285223164715
233,242,0.2922056300605893,292.20563006058933,0.2922056300605893,0.21037876496032365,0.13011449085373686,0.24069701849005973,0.013063644714701865
234,25,0.11903512250084501,119.035122500845,0.11903512250084501,0.09911591823981045,0.02491276257025722,0.1059832769280722,0.0008831286862516285
235,34,0.08632633428999366,86.32633428999365,0.08632633428999366,0.07609163759821766,0.04825818378524228,0.07634353788313933,0.0003368437715217293
236,21,0.05649260644379414,56.49260644379414,0.05649260644379414,0.048545946901377854,0.016551868509760884,0.04683363702612869,9.440031860533339e-05
237,45,0.15564225967405615,155.64225967405616,0.15564225967405615,0.08864642014623961,0.040948266321778996,0.1113632953721719,0.0019741548021401274
238,30,0.09205374878014244,92.05374878014244,0.09205374878014244,0.0637810288732561,0.03286439872507972,0.08108261785104304,0.00040843510280592373
239,105,0.17401969370846404,174.01969370846405,0.17401969370846404,0.12331424534885482,0.10496133685295764,0.11564771762256261,0.002759267604384556
240,28,0.1438321457723185,143.8321457723185,0.1438321457723185,0.07716126802105035,0.04598318410232574,0.10289687145058599,0.0015579965835426249
241,21,0.1280292219818199,128.02922198181992,0.1280292219818199,0.06719149685002737,0.01835553528741693,0.09061367919746961,0.0010988184459396855
242,35,0.15787971034949846,157.87971034949845,0.15787971034949846,0.12179655065377522,0.031079801512620204,0.12361114389081547,0.0020605235627063714
243,20,0.062380201078596105,62.3802010785961,0.062380201078596105,0.04236327258762819,0.015317985654725325,0.047769400738003544,0.0001270980634310542
244,67,0.13719848032493365,137.19848032493366,0.13719848032493365,0.10550006657764549,0.0604441590985363,0.11287231000544663,0.0013522174159442107
245,194,0.3288409095263387,328.8409095263387,0.3288409095263387,0.13629871302240265,0.06621865443807151,0.23824339286688806,0.01861899110704678
246,22,0.050034788961508495,50.0347889615085,0.050034788961508495,0.03436171268152141,0.015657905665235373,0.03894946337518686,6.558655795873764e-05
247,21,0.08159577672705332,81.59577672705332,0.08159577672705332,0.06392063999150961,0.015723769107468928,0.06702078124395314,0.00028444720129510196
248,20,0.10739547913530587,107.39547913530586,0.10739547913530587,0.04979035933703046,0.028611274844859584,0.08253364186770869,0.0006485696502486138
249,23,0.135802319297736,135.802319297736,0.135802319297736,0.04505273257235896,0.054328664233344925,0.09789640011335468,0.0013113547195468334
250,42,0.10229632561605155,102.29632561605155,0.10229632561605155,0.09217262078751529,0.03247471244696151,0.08256757568282705,0.0005605040125607708
251,26,0.1520992246568073,152.0992246568073,0.1520992246568073,0.08141207423670342,0.023963235141092644,0.1233949279896935,0.0018423817495051035
252,41,0.1302121734672693,130.21217346726928,0.1302121734672693,0.050564832147254525,0.052439310467764864,0.11163065183871514,0.0011559881617602941
253,22,0.06484720953399531,64.84720953399531,0.06484720953399531,0.060792123055116984,0.016035160207888643,0.06176824381264386,0.00014278168401997865
254,83,0.14934624094933047,149.34624094933048,0.14934624094933047,0.12072006944436817,0.06826955415536629,0.1240813356134146,0.0017441406732089425
255,47,0.156330284894066,156.330284894066,0.156330284894066,0.09583641783776158,0.048613192412737545,0.11567075311428257,0.002000451286960764
256,38,0.09964833401303727,99.64833401303727,0.09964833401303727,0.07028243244084259,0.03865185829646142,0.07957322119588772,0.0005180942222969158
257,35,0.1154168230425825,115.4168230425825,0.1154168230425825,0.09615590650076333,0.027853532658047804,0.09322464289056961,0.0008050187014644045
258,74,0.14911781167665664,149.11781167665663,0.14911781167665664,0.10524017134949903,0.07700687138018496,0.10589397337897072,0.0017361497714621498
259,24,0.13834575917283565,138.34575917283564,0.13834575917283565,0.05787758335036942,0.043604231926969085,0.10895764635450285,0.0013864243424319305
260,44,0.13855029901349314,138.55029901349315,0.13855029901349314,0.06307046723096307,0.03012301848857187,0.1003526318270851,0.0013925827925000366
261,51,0.14297751323965052,142.97751323965053,0.14297751323965052,0.1226308423716751,0.03742727372783751,0.119170791938403,0.0015303890163287693
262,26,0.17029682560044684,170.29682560044685,0.17029682560044684,0.05761608910038907,0.037671715271795164,0.1263906576239682,0.002585939024543299
263,22,0.11542865319330595,115.42865319330595,0.11542865319330595,0.07874222980013593,0.038779268818968454,0.0811903433573187,0.0008052662685479812
264,62,0.09712781300984114,97.12781300984113,0.09712781300984114,0.08240970170674763,0.04206593652266574,0.08039182313603394,0.00047976598356517744
265,24,0.07558363913664977,75.58363913664977,0.07558363913664977,0.05860127936828201,0.02017421128595695,0.06427442033222948,0.00022609034506694778
266,72,0.10260906653151874,102.60906653151875,0.10260906653151874,0.07818879305688883,0.04632851737430245,0.08821963734711472,0.0005656604731208018
267,261,0.2066377665222312,206.6377665222312,0.2066377665222312,0.1484363569106451,0.09405814315684426,0.1539680118857371,0.00461984834690272
268,78,0.16950931361498084,169.50931361498084,0.16950931361498084,0.12584412480723497,0.03796105328597284,0.13245873570471584,0.002550229811669541
269,35,0.1670728459315763,167.07284593157632,0.1670728459315763,0.11170063361020702,0.045014932081866944,0.12983013028346216,0.0024418345465307767
270,20,0.08619838122351536,86.19838122351537,0.08619838122351536,0.043234486362648566,0.019198344945200046,0.06632782349026371,0.00033534817893529607
271,21,0.10734410162648841,107.34410162648841,0.10734410162648841,0.09375964872780135,0.023672949141927593,0.09690060575052302,0.0006476392771632881
272,26,0.1401395795685954,140.1395795685954,0.1401395795685954,0.08761770734515659,0.06020375542168595,0.10363684579271312,0.0014410566471248676
273,77,0.14381611603066558,143.81611603066557,0.14381611603066558,0.1310512175865814,0.07600283635148586,0.12156662701937704,0.0015574757368422552
274,33,0.10878849272748359,108.78849272748359,0.10878849272748359,0.0717104781217521,0.03408842109921352,0.08570814829457435,0.0006741359710351357
275,94,0.1852865545905928,185.2865545905928,0.1852865545905928,0.13034479003089677,0.06857406961606097,0.15679141441086095,0.003330660291135962
276,27,0.06288890409526189,62.88890409526189,0.06288890409526189,0.038696105368910744,0.018047599136803507,0.044325977444207056,0.00013023289734404717
277,40,0.15730379359383384,157.30379359383383,0.15730379359383384,0.09363366240235749,0.05806253362228648,0.13782561113635833,0.0020380564614954073
278,25,0.08653364107949223,86.53364107949223,0.08653364107949223,0.06078136058402261,0.025252385847944335,0.06365886159532046,0.0003392763256531656
279,51,0.17676002941179914,176.76002941179914,0.17676002941179914,0.0685934940347274,0.05055933204833372,0.13701702614562933,0.002891683905278309
280,23,0.09231831632521081,92.31831632521082,0.09231831632521081,0.05798134633321202,0.02598106262011416,0.06763876150248135,0.0004119668287164194
281,43,0.13423219011803608,134.23219011803607,0.13423219011803608,0.06601042393905937,0.04677241176634024,0.0963641494659162,0.001266393435821332
282,20,0.08972800947680264,89.72800947680264,0.08972800947680264,0.07473321197867529,0.027035273601959918,0.06821234052223021,0.0003782532974987537
283,49,0.12895062766870613,128.95062766870612,0.12895062766870613,0.08037478408931209,0.05961258475593093,0.10682386972356314,0.00112271365180915
284,23,0.05777249036084198,57.77249036084198,0.05777249036084198,0.051819122484883906,0.016532328136913386,0.051900996638673265,0.00010096291678108381
285,30,0.09448568893647968,94.48568893647969,0.09448568893647968,0.08271354880988749,0.03903594726528716,0.08493697398910736,0.00044166880323643075
286,33,0.07536960689728484,75.36960689728484,0.07536960689728484,0.06485075953876526,0.029559156657780028,0.0641659130750949,0.0002241751002979976
287,22,0.06315209910406228,63.15209910406227,0.06315209910406228,0.052925093279643745,0.02829074619005092,0.053143892526816325,0.00013187485468029423
288,49,0.11767871862524887,117.67871862524886,0.11767871862524887,0.08229795509206327,0.06211280371762348,0.09447064632883036,0.0008532816669514474
289,25,0.08931918607641967,89.31918607641967,0.08931918607641967,0.05748420238957379,0.03151220790813225,0.06532407116298913,0.0003731065669418847
290,44,0.0988304457480857,98.8304457480857,0.0988304457480857,0.07432367868906284,0.038034405863867665,0.08696845462028222,0.0005054414852232528
291,30,0.10841145094436239,108.41145094436239,0.10841145094436239,0.053597811970134704,0.03744259160365894,0.08636120132566474,0.0006671509258610393
292,22,0.084917646026216,84.917646026216,0.084917646026216,0.069070207750276,0.042844971443101246,0.07658986615820113,0.0003206213677789363
293,180,0.24840117329679678,248.4011732967968,0.24840117329679678,0.18574621470500363,0.1756524057910553,0.1973199299539334,0.008025268120023165
294,167,0.18363188486507298,183.63188486507298,0.18363188486507298,0.1962182844643648,0.08736788124085612,0.1656614896862749,0.0032422231195111655
295,20,0.08610755289036418,86.10755289036418,0.08610755289036418,0.045877769425439405,0.03801408385868692,0.07312279252883902,0.0003342892136113477
296,26,0.12254329706534581,122.54329706534581,0.12254329706534581,0.06599943865813497,0.028023133431069942,0.08682321387842362,0.000963534579375192
297,27,0.15682295880502933,156.82295880502934,0.15682295880502933,0.07200500211547073,0.023071159948602087,0.11804447394296286,0.002019424183497237
298,25,0.07849755099673085,78.49755099673085,0.07849755099673085,0.050771774524586644,0.016257051623966796,0.06574924353797076,0.0002532601998324137
299,105,0.18822152012734092,188.2215201273409,0.18822152012734092,0.13884865372581068,0.062123448286611094,0.1300834445324753,0.0034914550246906073
300,38,0.07531882537239126,75.31882537239126,0.07531882537239126,0.051505358669135456,0.033506549929399554,0.05998858122846658,0.00022372228043468075
301,28,0.12319622888203667,123.19622888203666,0.12319622888203667,0.07757447841074658,0.026515970883245962,0.09947441495243153,0.0009790184228292112
302,68,0.2369959035010939,236.9959035010939,0.2369959035010939,0.07619305773337103,0.046943910369141285,0.16228406406291665,0.006969813223407261
303,20,0.07640191650642619,76.40191650642619,0.07640191650642619,0.047309223595869795,0.023476833612527587,0.06150849107780454,0.0002335131706101021
304,63,0.1253571803674378,125.35718036743779,0.1253571803674378,0.11746382895682767,0.07436511934524084,0.11056265322429726,0.0010314454574386555
305,65,0.09961935787106146,99.61935787106147,0.09961935787106146,0.07871089230899128,0.061819354094402534,0.08203708571753816,0.0005176423931633051
306,38,0.10284314144057607,102.84314144057608,0.10284314144057607,0.08212826530207529,0.04011873372410978,0.08015125240264956,0.0005695405163369019
307,56,0.15353566893333348,153.53566893333348,0.15353566893333348,0.08151981753575264,0.06440838366397297,0.10725439101601905,0.0018950753332925253
308,99,0.23435742629256673,234.35742629256674,0.23435742629256673,0.08921877234795372,0.07652676831203184,0.17194777515628776,0.0067396102506710005
309,43,0.09662974882602718,96.62974882602718,0.09662974882602718,0.06677419680646393,0.03764306591162486,0.07564346794292504,0.0004724231535184145
310,45,0.1675414607435341,167.5414607435341,0.1675414607435341,0.11741335994969737,0.06800986406776102,0.14212783051374656,0.002462439194189985
311,52,0.11084087209446351,110.8408720944635,0.11084087209446351,0.09701949247168526,0.06547972871116854,0.09454470829233533,0.0007130146032886494
312,132,0.18900934199679328,189.0093419967933,0.18900934199679328,0.10985296298685046,0.08904836937101977,0.1455650063114213,0.0035354803913673085
313,23,0.10751102421888947,107.51102421888947,0.10751102421888947,0.06669313548505022,0.02170119644850938,0.094116563156084,0.0006506652605018207
314,130,0.21202637721337397,212.02637721337396,0.21202637721337397,0.10860614367778884,0.09214634414223252,0.16560342206518477,0.0049907785613305024
315,131,0.21578460127653865,215.78460127653864,0.21578460127653865,0.1658834052531379,0.09871534985146399,0.17168890503179274,0.005260899081156557
316,24,0.10176796556711724,101.76796556711724,0.10176796556711724,0.09052423798882708,0.011361169248838881,0.08510196368573134,0.00055186379142329
317,38,0.11579692632816105,115.79692632816105,0.11579692632816105,0.12135238448525185,0.03610636196266455,0.11369564339405153,0.0008129984501366139
318,20,0.06863218535989514,68.63218535989515,0.06863218535989514,0.06461295050952495,0.01812961509307552,0.05961906690473593,0.0001692708229212407
319,28,0.10538854033741618,105.38854033741617,0.10538854033741618,0.06626712461798143,0.031127113799630075,0.07450027750566304,0.0006128847153115009
320,47,0.08084067505960678,80.84067505960678,0.08084067505960678,0.07532191955324183,0.02794439502330684,0.06739904268119785,0.00027662308256998507
321,22,0.13512036003983854,135.12036003983854,0.13512036003983854,0.05134149038349706,0.045488406172108406,0.10500080132541705,0.0012916980491068442
322,46,0.16233266473034558,162.33266473034558,0.16233266473034558,0.10342281579676373,0.057663072084109306,0.13528299827560855,0.002239836799311194
323,39,0.1169692012742331,116.9692012742331,0.1169692012742331,0.09353565106464924,0.02628594121107957,0.09044756549679907,0.0008379405264637681
324,23,0.09305974124160354,93.05974124160355,0.09305974124160354,0.04640186341984011,0.0225796490481782,0.07575011705463178,0.0004219724954333896
325,73,0.22148706822934927,221.48706822934926,0.22148706822934927,0.11881545301433319,0.05125560153594867,0.18379774236936275,0.005689102335197961
326,42,0.13473605770755756,134.73605770755756,0.13473605770755756,0.08729448544144551,0.04798652049813955,0.09541452365333189,0.0012807080235756486
327,39,0.09554057712675836,95.54057712675835,0.09554057712675836,0.0582945748822951,0.023653450691805706,0.07368837682219867,0.00045662764770229385
328,41,0.1683648741358983,168.36487413589828,0.1683648741358983,0.08130063304841777,0.05021333429612074,0.11687347807908903,0.0024989242546679846
329,20,0.0894695167426087,89.46951674260869,0.0894695167426087,0.048045004473574085,0.03829260868389782,0.07331178281537702,0.00037499363566660606
330,31,0.0913567350030272,91.3567350030272,0.0913567350030272,0.07261863361623205,0.026750127606458278,0.07604378977167246,0.0003992273924015236
331,31,0.13542625718852974,135.42625718852975,0.13542625718852974,0.11362972760707578,0.03729313054416844,0.1215377190846084,0.001300490697687546
332,122,0.3287116949461565,328.7116949461565,0.3287116949461565,0.1267441544560635,0.0987561754507397,0.21659616417630354,0.018597051319551614
333,36,0.10694445102222391,106.94445102222392,0.10694445102222391,0.08381061694043182,0.01517510775855703,0.08618960003555164,0.0006404325379581162
334,72,0.1403180254514212,140.3180254514212,0.1403180254514212,0.14838383947271686,0.07134068071185673,0.13001343852281533,0.0014465685419063508
335,71,0.11466775015005182,114.66775015005182,0.11466775015005182,0.10658871604129695,0.040861720018484746,0.09330073351347636,0.0007894461238907625
336,46,0.14964540688838324,149.64540688838323,0.14964540688838324,0.0660616305164172,0.05702588318087047,0.1035523224335761,0.0017546431151735113
337,43,0.1729562484620341,172.95624846203413,0.1729562484620341,0.11071411422668609,0.066227089579747,0.13411826076139152,0.0027089899385331828
338,25,0.0934549425161672,93.45494251616721,0.0934549425161672,0.05832074229753675,0.02071891821763381,0.06269710328025245,0.0004273713910233053
339,22,0.06116377669079015,61.16377669079015,0.06116377669079015,0.04438708838172728,0.025782512135052754,0.04864305221699911,0.00011980680991339468
340,55,0.1251777128249402,125.1777128249402,0.1251777128249402,0.08315590042071597,0.06744243506447499,0.08987479418751683,0.0010270217915580148
341,61,0.2079662277311829,207.9662277311829,0.2079662277311829,0.13296318722456987,0.10915709423852571,0.16407195213582274,0.004709524550219301
342,123,0.11233000122956874,112.33000122956874,0.1118116966616251,0.12624187395260064,0.08864458608176595,0.11233000122956874,0.0007421401252901558
343,72,0.12137198518802159,121.37198518802158,0.12137198518802159,0.10743258263729549,0.055036442833475,0.10010121243152592,0.0009361684236461299
344,34,0.0880817464969736,88.08174649697361,0.0880817464969736,0.07161185841376949,0.03879239102433894,0.07672949926358984,0.00035781321337214294
345,108,0.21633283118778054,216.33283118778056,0.21633283118778054,0.151157062522506,0.03885751625021629,0.1479531019722009,0.005301099115067977
346,48,0.14864906597749447,148.64906597749447,0.14864906597749447,0.08164112364380657,0.052650177075667444,0.11380863109872719,0.001719828638063395
347,22,0.11691488992222125,116.91488992222125,0.11691488992222125,0.05326029470557246,0.03286306897347936,0.08541845297368224,0.0008367738461444837
348,188,0.2979128688671235,297.9128688671235,0.2979128688671235,0.12287323979704984,0.11314458585756555,0.23958901009319428,0.013844153739646408
349,38,0.1386674753408046,138.6674753408046,0.1386674753408046,0.05625134079597627,0.030431057527889688,0.10629317656099094,0.0013961190341760146
350,78,0.20740445170019664,207.40445170019663,0.20740445170019664,0.1108988500950574,0.04135258071094021,0.15566111019681314,0.004671462250063367
351,26,0.09946422412811698,99.46422412811698,0.09946422412811698,0.06003674259297525,0.0362040225820495,0.06591562777737042,0.0005152278379719404
352,33,0.13283181462827487,132.83181462827486,0.13283181462827487,0.10201887540928398,0.03980202648025781,0.10574458205857636,0.0012271705917680522
353,25,0.09622547000395484,96.22547000395484,0.09622547000395484,0.06666498862383965,0.03671290106745277,0.07409175641829231,0.00046651836558268356
354,31,0.12371811098317273,123.71811098317274,0.12371811098317273,0.058303625982411914,0.03755701648111754,0.08819594148341432,0.0009915131149830358
355,26,0.07325426741531284,73.25426741531284,0.07325426741531284,0.058023372880793914,0.032043926387515465,0.06478388565516208,0.0002058246619829352
356,45,0.13879899031065895,138.79899031065895,0.13879899031065895,0.09991995488313479,0.0557596409448875,0.11699129995449765,0.0014000951233165621
357,50,0.13412898802938222,134.1289880293822,0.13412898802938222,0.11923091669956487,0.05032790746036235,0.11830840781701654,0.0012634747471420961
358,66,0.193572068995032,193.572068995032,0.193572068995032,0.0686735515168437,0.03569956809026226,0.1284744940818332,0.0037977528509520212
359,73,0.1538433349228583,153.84333492285828,0.1538433349228583,0.10064377950870426,0.0491336047986274,0.1123887103390441,0.0019064906487841042
360,28,0.09163468235038247,91.63468235038246,0.09163468235038247,0.07634537248962697,0.03181998488495195,0.0744840616562766,0.00040288236558798813
361,53,0.13972082783224102,139.720827832241,0.13972082783224102,0.1012631681352889,0.07091555376585347,0.11862253892540045,0.00142817712484571
362,28,0.1060253328886883,106.0253328886883,0.1060253328886883,0.06292430131334804,0.01225727994474922,0.08163306667027322,0.0006240617381778667
363,22,0.10111118811955842,101.11118811955842,0.10111118811955842,0.09114835977078803,0.024183566535597563,0.08429139295683669,0.0005412479485103382
364,31,0.12393965029271142,123.93965029271142,0.12393965029271142,0.051061865393939775,0.033493725855267865,0.08939149223676356,0.0009968491010253822
365,21,0.06075168341647384,60.751683416473846,0.06075168341647384,0.04225664235792135,0.013454001616116172,0.045041475738326016,0.00011740148012197791
366,27,0.10840809152245946,108.40809152245946,0.10840809152245946,0.07390335811680815,0.034599526860325094,0.08907304153023851,0.0006670889073575557
367,34,0.11348745802962784,113.48745802962785,0.11348745802962784,0.09474950517326591,0.017734390348094663,0.09346538847587804,0.0007653185284782483
368,20,0.1114149051619378,111.41490516193781,0.1114149051619378,0.043731486584966076,0.021637388856119145,0.08109628192406877,0.0007241499534839265
369,22,0.1042656392518188,104.2656392518188,0.1042656392518188,0.07030881260204877,0.04296016953953702,0.08969504012652806,0.0005935020904792849
370,123,0.23941610578237776,239.41610578237777,0.23941610578237776,0.13851314997792274,0.10085034413425081,0.17991161803556407,0.0071855283939520785
371,23,0.11160483880444942,111.60483880444941,0.11160483880444942,0.07491924589259726,0.02087051969080466,0.08731882431937846,0.0007278597365427714
372,20,0.08983855138904036,89.83855138904036,0.08983855138904036,0.05416823975099272,0.021382602399930995,0.07265546997299659,0.0003796530067837372
373,29,0.09035698668350436,90.35698668350436,0.09035698668350436,0.04906120171152704,0.02533285529798937,0.06886452932241492,0.0003862636498720524
374,66,0.16264685702341103,162.64685702341103,0.16264685702341103,0.10900733967799808,0.06701104786589007,0.11984304605025084,0.0022528674931005313
375,54,0.1985581172161623,198.5581172161623,0.1985581172161623,0.09579976509698887,0.03492431850601227,0.15361020066825448,0.004098845613236337
376,72,0.17594127700716217,175.94127700716217,0.17594127700716217,0.09256046493478937,0.04761083556942847,0.13559974547358516,0.0028516869077723447
377,29,0.06120306611237919,61.20306611237919,0.06120306611237919,0.04150203792151361,0.02075878467684901,0.052131739980867356,0.00012003783707675892
378,129,0.1550437930012687,155.04379300126868,0.1550437930012687,0.09191040947689139,0.06780244791382223,0.11584794257168782,0.0019514695344649109
379,50,0.1516017479879242,151.6017479879242,0.1516017479879242,0.07565410569981953,0.04531684515818012,0.11155272092324489,0.0018243629705602174
380,20,0.08907949619383083,89.07949619383083,0.08907949619383083,0.05302381111230388,0.031057146483056252,0.0658468450540623,0.0003701109027097694
381,150,0.1134710507974821,113.47105079748209,0.1134710507974821,0.11512350049737718,0.08490426074042393,0.09898149471230838,0.000764986643077916
382,37,0.15294331404995304,152.94331404995305,0.15294331404995304,0.1307702714897949,0.05370308830136054,0.1275782599115996,0.0018732257179729915
383,31,0.12890109751898093,128.90109751898095,0.12890109751898093,0.08597870614595972,0.026920386484582552,0.11085291407580632,0.0011214204401400012
384,25,0.09398362178335945,93.98362178335945,0.09398362178335945,0.05529246523146372,0.014820703795324838,0.07965128224795084,0.00043466548265638875
385,21,0.07547861015339187,75.47861015339187,0.07547861015339187,0.06395625509805028,0.026691320776290314,0.06540985569351367,0.00022514914703386561
386,29,0.11814815134062383,118.14815134062383,0.11814815134062383,0.0650951485825574,0.06636412293970155,0.0905096405985386,0.0008635339452312897
387,29,0.09527499916325921,95.27499916325921,0.09527499916325921,0.04130952858217361,0.016572932882691703,0.06309496495919506,0.00045283030451045715
388,73,0.1542474855206477,154.2474855206477,0.1542474855206477,0.11443198052050972,0.09151744762257485,0.12519669634869096,0.0019215553623210613
389,52,0.1918896854094493,191.8896854094493,0.1918896854094493,0.1493784393005314,0.050861760732426264,0.1530892346378715,0.0036995893015303043
390,42,0.12179219252143554,121.79219252143554,0.12179219252143554,0.06358698756119592,0.023975184130271353,0.09450873143072099,0.000945925577156543
391,87,0.14802042083867764,148.02042083867764,0.14802042083867764,0.10463630820885278,0.06413002326040411,0.108562450673322,0.0016981010330291047
392,47,0.08979604183627873,89.79604183627873,0.08979604183627873,0.06908452378381158,0.02645985880919207,0.07133117320874106,0.00037911433233067167
393,55,0.12746244229611556,127.46244229611555,0.12746244229611556,0.08584243453443663,0.04188833073600026,0.09756609524845476,0.001084289692794991
394,35,0.13980520720731981,139.80520720731982,0.13980520720731981,0.07913437604718573,0.035601522376742606,0.11361600990224033,0.0014307661766008563
395,38,0.08345850024322496,83.45850024322496,0.08345850024322496,0.06814291547816823,0.044427404769171314,0.06823631675895452,0.00030437596167629064
396,25,0.0976431645134948,97.64316451349481,0.0976431645134948,0.07429233404682244,0.02777614458020025,0.0838772727723009,0.0004874433617543003
397,139,0.2021077925651008,202.1077925651008,0.2021077925651008,0.1516801086276317,0.12138935285882266,0.14888687819061117,0.004322627364256872
398,146,0.3502682165228276,350.2682165228276,0.3502682165228276,0.2501399879086682,0.11421142958060282,0.2452993035517844,0.022500947972300876
399,38,0.15698326161279147,156.98326161279147,0.15698326161279147,0.08529196968979319,0.04646751440137545,0.10557034303589159,0.002025623219361999
400,25,0.06459134897596754,64.59134897596753,0.06459134897596754,0.062239880461358324,0.030207015994218895,0.058470369490319286,0.0001410982692640578
401,43,0.16558692280195403,165.58692280195402,0.16558692280195403,0.1408750134462056,0.039783585045816056,0.13731430991081958,0.002377260250621595
402,51,0.11334913287544716,113.34913287544717,0.11334913287544716,0.08520202640484734,0.043772278966365916,0.09218190523900381,0.0007625234929933688
403,83,0.15617833086291338,156.17833086291338,0.15617833086291338,0.1363306193519376,0.08215018904152893,0.13697953110465833,0.00199462360106053
404,49,0.1872637310530994,187.2637310530994,0.1872637310530994,0.08741603755592693,0.042627114478281505,0.15143830253531504,0.003438425654160444
405,89,0.1324846836617041,132.4846836617041,0.1324846836617041,0.12117633404767636,0.07273274220620674,0.11502246323860107,0.0012175747737173763
406,41,0.10387486744361524,103.87486744361524,0.10387486744361524,0.08784616614285229,0.038849318411337874,0.0911029922630102,0.0005868540013178711
407,29,0.1758856618449468,175.8856618449468,0.1758856618449468,0.08344004685827422,0.015614045409672993,0.1313123943952608,0.002848983501750023
408,65,0.12186026669979153,121.86026669979152,0.12186026669979153,0.07107494580544119,0.049354283814913774,0.09120919552719416,0.0009475126026510519
409,39,0.12294414545174387,122.94414545174386,0.12294414545174387,0.08459358370174047,0.02797358906502862,0.10006953730353631,0.0009730209256688683
410,104,0.17311656706836678,173.11656706836678,0.17311656706836678,0.11911121520123298,0.10196030600518907,0.12382305084665686,0.0027165300682629816
411,35,0.1357295470091896,135.7295470091896,0.1357295470091896,0.11516014327304477,0.042917467792254096,0.11067442557136721,0.0013092477049794222
412,27,0.09238031986776397,92.38031986776397,0.09238031986776397,0.0779761447294009,0.03912733652480366,0.07393807031917116,0.0004127974513916696
413,32,0.08196889875490575,81.96889875490575,0.08196889875490575,0.08297343409284108,0.033463975367372306,0.06533084011768109,0.0002883672418563585
414,35,0.10617153508030035,106.17153508030034,0.10617153508030035,0.09771788406294224,0.037840008004533104,0.09458913752852684,0.0006266469240634213
415,25,0.04856100547008089,48.561005470080886,0.04856100547008089,0.05034648996928899,0.013325052474029153,0.04557400229115775,5.996000127085726e-05
416,20,0.071522950296355,71.52295029635499,0.071522950296355,0.04476333818511115,0.025275128194577952,0.057911381201631536,0.0001915732576079748
417,39,0.1476396889577869,147.6396889577869,0.1476396889577869,0.05930927307871965,0.05234338980052177,0.12348352016836435,0.0016850313565377956
418,27,0.11996865323059593,119.96865323059592,0.11996865323059593,0.04994620595464607,0.03238360028246968,0.1011096118996706,0.0009040698222178198
419,113,0.22498408710886025,224.98408710886025,0.22498408710886025,0.14345114391465247,0.1060724569141482,0.15296959448472824,0.00596285197480074
420,138,0.2712008599531012,271.2008599531012,0.2712008599531012,0.1704290621610176,0.093014788784096,0.196801159915726,0.010444118944880202
421,32,0.12376657310064129,123.7665731006413,0.12376657310064129,0.055464449495439425,0.01885020631535542,0.08957783940856864,0.000992678740192804
422,51,0.13987541624808597,139.87541624808597,0.13987541624808597,0.10960650364725652,0.058706077146525384,0.11834984360447227,0.00143292281678215
423,49,0.10930351969938906,109.30351969938906,0.10930351969938906,0.0687779435158597,0.05540683305649627,0.09136172291042695,0.0006837558628160324
424,23,0.09810107742779324,98.10107742779324,0.09810107742779324,0.07291590967696425,0.03837746329631085,0.08225532575599505,0.0004943333988644283
425,50,0.1861041311444066,186.1041311444066,0.1861041311444066,0.0679885436365273,0.032114832837606,0.10715213525918987,0.003374944718274651
426,45,0.11316456348611026,113.16456348611025,0.11316456348611026,0.07994306763253681,0.060098848095681015,0.10315518641939153,0.0007588046435924032
427,30,0.09230727501129957,92.30727501129957,0.09230727501129957,0.052239239951036506,0.03215365495370055,0.07383033726233101,0.0004118190321168389
428,597,0.3062109690526164,306.2109690526164,0.3062109690526164,0.22383764149795166,0.17880845099947426,0.21820777121059354,0.015033526032623245
429,33,0.08169701902871501,81.69701902871502,0.08169701902871501,0.061615875410427276,0.03346803755950953,0.06617398469276363,0.0002855073236697376
430,36,0.06451212414162594,64.51212414162593,0.06451212414162594,0.055950620343554636,0.03861895473951,0.05675786283112576,0.00014057971151151135
431,25,0.10518192185498326,105.18192185498326,0.10518192185498326,0.07130205262270572,0.016702906604215906,0.07581143417408928,0.0006092870223768386
432,94,0.13236311502618314,132.36311502618315,0.13236311502618314,0.091985002048867,0.0792443059115951,0.11007443248720826,0.0012142260895127122
433,20,0.10172282507722505,101.72282507722505,0.10172282507722505,0.06518428471717969,0.03484684292053352,0.07973333426597648,0.0005511297582640066
434,29,0.18050821658502808,180.5082165850281,0.18050821658502808,0.05011938416429713,0.034895296302763355,0.14124908588990945,0.003079566229864419
435,38,0.1014676952833709,101.4676952833709,0.1014676952833709,0.04043796637653499,0.03051008511882536,0.08291850669791839,0.0005469933044728035
436,50,0.13250520539841032,132.5052053984103,0.13250520539841032,0.10563782976642082,0.0542979475828535,0.11091835548301236,0.0012181406644797578
437,20,0.10589537941642961,105.8953794164296,0.10589537941642961,0.07706604928861203,0.03614090167257871,0.09108955196576592,0.0006217698435943772
438,45,0.1227178103099272,122.7178103099272,0.1227178103099272,0.11839999096908238,0.043808036044279186,0.11165709251629256,0.0009676569375361003
439,38,0.08310188723247097,83.10188723247097,0.08310188723247097,0.054381733308313834,0.038551365360394406,0.07075758393531871,0.00030049087083167765
440,59,0.141236651356644,141.23665135664402,0.141236651356644,0.1072250936390278,0.042384876126720115,0.11038429257409851,0.0014751658797708558
441,115,0.1980775834657592,198.0775834657592,0.1980775834657592,0.17941397994762903,0.1285266051583191,0.177219907090609,0.004069158525368552
442,33,0.1546409680559528,154.64096805595278,0.1546409680559528,0.11346218885191575,0.03531813137352365,0.1193183026352828,0.0019362984663670157
443,324,0.340275847277427,340.275847277427,0.340275847277427,0.20017891731834353,0.0976394901758229,0.2677241234645641,0.02062965639276805
444,98,0.21645915225790952,216.45915225790952,0.21645915225790952,0.12265476489072229,0.06289799864593172,0.15910645581199429,0.00531039079218424
445,46,0.1771953472285914,177.1953472285914,0.1771953472285914,0.10505453978553636,0.04051669444316525,0.1405601509503285,0.002913101148787632
446,169,0.15267369657483323,152.67369657483323,0.15267369657483323,0.12309522132529686,0.09613353816508222,0.11424087244596404,0.0018633364742007652
447,249,0.2643623765998433,264.3623765998433,0.2643623765998433,0.1865500077759204,0.08736651010223499,0.17937954157049105,0.009673810255839872
448,20,0.09036580196936261,90.36580196936261,0.09036580196936261,0.047257721359659124,0.02084796987121089,0.06225478304474346,0.00038637671329379053
449,33,0.10507322543377404,105.07322543377404,0.10507322543377404,0.05493505266997962,0.02201800955809168,0.08999179301820988,0.0006074000373981521
450,41,0.15637244796162142,156.37244796162142,0.15637244796162142,0.11918959873530802,0.05501446563593555,0.12991349275559866,0.0020020703189961536
451,66,0.16260874402425557,162.60874402425557,0.16260874402425557,0.09207926320989239,0.09564630302999294,0.12943247690317158,0.0022512841224847854
452,23,0.07553761759059929,75.5376175905993,0.07553761759059929,0.060553246605692716,0.02265371118752957,0.06184633195942615,0.00022567760919471591
453,38,0.24051132992772417,240.51132992772418,0.24051132992772417,0.08808479835527314,0.0576958514142078,0.16854996146301834,0.007284592153248179
454,27,0.08480398959234899,84.80398959234898,0.08480398959234899,0.0633478955078992,0.029863009763304738,0.0677735477905297,0.0003193357010866132
455,23,0.05828613954592281,58.28613954592281,0.05828613954592281,0.04696027382838463,0.025392952200778696,0.05596876959082421,0.0001036798827789424
456,28,0.16711191580554724,167.11191580554723,0.16711191580554724,0.120393296043587,0.013709025376608263,0.12945466601842534,0.002443548011317912
457,29,0.09160813508177025,91.60813508177026,0.09160813508177025,0.09127721226132167,0.043781874638875735,0.08661209069630839,0.00040253231270877786
458,34,0.10982686378330478,109.82686378330477,0.10982686378330478,0.08202425482255807,0.0378601102839338,0.08856584748259459,0.0006936244101387317
459,28,0.08697798467518111,86.97798467518112,0.08697798467518111,0.06151355175267707,0.024463194543958997,0.07913311168734859,0.0003445296826924977
460,86,0.16704854614513281,167.0485461451328,0.16704854614513281,0.17718309055851894,0.10326859328854315,0.1497524683128743,0.002440769249031181
461,20,0.08543576840779082,85.43576840779082,0.08543576840779082,0.050638867460160844,0.02865591870128191,0.0655114131819758,0.0003265260327821322
462,31,0.12348852264744647,123.48852264744647,0.12348852264744647,0.05970870014571713,0.02092547342306798,0.08525836741552106,0.0009860033880974874
463,69,0.11739075362726119,117.39075362726119,0.11739075362726119,0.08220532905023925,0.04425354917776117,0.08237753041376172,0.0008470329296064459
464,40,0.15508363364471378,155.08363364471379,0.15508363364471378,0.11856578391940961,0.052978228583690654,0.1307820803782138,0.0019529742921948461
465,104,0.213621279092364,213.621279092364,0.213621279092364,0.13846804587295997,0.0639792663236049,0.1406590609874379,0.0051042525656632585
466,30,0.12734909666068361,127.34909666068361,0.12734909666068361,0.08756834373586869,0.044386999014321735,0.10780193661320597,0.0010813996591580246
467,22,0.05935786252576851,59.35786252576851,0.05935786252576851,0.03953141845377289,0.030928734884981122,0.04740239145904587,0.00010950485720209984
468,37,0.1279943787246256,127.9943787246256,0.1279943787246256,0.08579785121239758,0.021599176416223168,0.09633689996936362,0.0010979215570639488
469,20,0.09732490087853876,97.32490087853876,0.09732490087853876,0.04574014229330567,0.028248260199981286,0.0704858857933577,0.00048269247963392265
470,21,0.09708972326413698,97.08972326413698,0.09708972326413698,0.07520012415223751,0.016035732047763287,0.07379348900804646,0.00047920176828224274
471,34,0.11289086158723403,112.89086158723403,0.11289086158723403,0.08935584938159616,0.035818693605624466,0.08587086291652062,0.000753312172542226
472,41,0.16904254311476824,169.04254311476825,0.16904254311476824,0.07779336754467657,0.042344433498981746,0.11406631028185499,0.0025292203965762297
473,24,0.12243081633499373,122.43081633499372,0.12243081633499373,0.07676005024185817,0.06560553347554662,0.0976876223152941,0.000960883770396373
474,34,0.17439174026852788,174.39174026852788,0.17439174026852788,0.06492249653566634,0.03360801775729152,0.13553835499419264,0.0027770030515236067
475,23,0.09958055202038313,99.58055202038312,0.09958055202038313,0.0888528016567603,0.018164620203019656,0.08880553616026467,0.0005170376995597305
476,38,0.0994406890299157,99.44068902991569,0.0994406890299157,0.07495801784999026,0.04586765334239181,0.08346651345807031,0.0005148621868384407
477,24,0.08613422220254513,86.13422220254513,0.08613422220254513,0.05568642780620872,0.018908676555825243,0.07297105121294858,0.00033459991893135753
478,114,0.1920463551272289,192.0463551272289,0.1920463551272289,0.12539707521080323,0.07297201648897601,0.12905509295122874,0.0037086583711215875
479,34,0.12129191860116866,121.29191860116866,0.12129191860116866,0.06012965482570163,0.0486445610152601,0.10294146583985293,0.0009343169327680443
480,37,0.11934952374291485,119.34952374291485,0.11934952374291485,0.09565697196774882,0.04023304037200248,0.09462449268151715,0.0008901448699445423
481,68,0.12127717226684684,121.27717226684683,0.12127717226684684,0.09329602192414645,0.06904831490600122,0.0974417877764782,0.0009339761992298326
482,39,0.11564899191867116,115.64899191867116,0.11564899191867116,0.08115255924463946,0.03712773505908444,0.08803426323922342,0.0008098865317446978
483,23,0.11140340553364425,111.40340553364425,0.11140340553364425,0.06285665164314205,0.03922211686014991,0.09065490005747563,0.0007239257484065824
484,67,0.129695180218106,129.695180218106,0.129695180218106,0.09502570521503192,0.051630424324670555,0.09088556012747116,0.0011422735832364091
485,35,0.13466097764019083,134.66097764019082,0.13466097764019083,0.07059706022456402,0.04137963960357746,0.0917925143655655,0.0012785682383982225
486,117,0.14721481326356314,147.21481326356314,0.14721481326356314,0.11377783620963286,0.09304210714775846,0.10947334215155866,0.0016705256929704106
487,105,0.20797545218465024,207.97545218465024,0.20797545218465024,0.14859847861982384,0.10738759278451,0.15855647023702354,0.004710151258471369
488,22,0.06239568387990338,62.39568387990338,0.06239568387990338,0.04336717313419222,0.027962614366662607,0.050274990617443616,0.00012719272435647035
489,151,0.16133166448097916,161.33166448097916,0.16133166448097916,0.1531435797365523,0.1302868310015899,0.14204472339271607,0.0021986569139183423
490,80,0.19781414783114384,197.81414783114386,0.19781414783114384,0.13538825620870792,0.0529607112003123,0.1382196039032781,0.004052944631236195
491,47,0.21932065064051076,219.32065064051076,0.21932065064051076,0.11298750980375757,0.08013862995592355,0.1543549180552138,0.0055237905039729205
492,35,0.15749068714588205,157.49068714588205,0.15749068714588205,0.07768160918848227,0.04746417634920681,0.12589003447567476,0.00204532937585278
493,29,0.12651678300152483,126.51678300152483,0.12651678300152483,0.0849669585086148,0.03202234224055234,0.09573607213160946,0.0010603348692345986
494,53,0.16426832011938775,164.26832011938774,0.16426832011938775,0.09671247783242409,0.03932831578652865,0.12009769638788381,0.002320919460032841
495,34,0.09718358248737836,97.18358248737836,0.09718358248737836,0.07369194597648801,0.048670094776692444,0.0861143608340749,0.00048059288360933225
496,68,0.1958019721905278,195.8019721905278,0.1958019721905278,0.12601474180040373,0.05435339708361366,0.1501536852794628,0.00393051816668038
497,171,0.23267016606648544,232.67016606648545,0.23267016606648544,0.12108034291648034,0.09815956507351924,0.1657053754648041,0.006595089927608562
498,25,0.07929600784111798,79.29600784111798,0.07929600784111798,0.051965296686463276,0.018398649032604616,0.06250037001036311,0.0002610673688752022
499,24,0.08144548968025855,81.44548968025856,0.08144548968025855,0.0589629126064425,0.018255602462928584,0.06649463769256059,0.0002828783685726496
500,54,0.13877082696330173,138.77082696330174,0.13877082696330173,0.08261956854795863,0.030817604462266973,0.09366967449938286,0.0013992430270982805
501,28,0.12126593793129303,121.26593793129304,0.12126593793129303,0.06714145352328853,0.02015081254162359,0.08525091035515314,0.0009337166706667494
502,41,0.1005789498030508,100.57894980305079,0.1005789498030508,0.06765548822250267,0.031139351739512426,0.08132702204068128,0.0005327456498478742
503,64,0.16489048427689187,164.89048427689187,0.16489048427689187,0.13319172786143788,0.04773031892480992,0.12994207782845102,0.002347390825456701
504,30,0.13579729798327628,135.79729798327628,0.13579729798327628,0.0678647532575197,0.03565303697506547,0.10616319992663122,0.0013112092622163368
505,22,0.06676363173444425,66.76363173444425,0.06676363173444425,0.048293881163542135,0.019360043951892274,0.05211299572601367,0.00015581830690789868
506,28,0.09412146923904019,94.1214692390402,0.09412146923904019,0.089947959251855,0.020314082910645386,0.08483658249203817,0.0004365808841315373
507,25,0.09899914737259463,98.99914737259463,0.09899914737259463,0.05312405602473233,0.04763005533001506,0.07767209653375348,0.0005080342419588348
508,205,0.18497414352191233,184.97414352191234,0.18497414352191233,0.15021390096424742,0.14317641197400516,0.14859417234370867,0.0033138412345185175
509,71,0.17129093216978236,171.29093216978237,0.17129093216978236,0.09638531140820569,0.07477080565250532,0.13459250894447833,0.0026314901016282312
510,30,0.09670828794628428,96.70828794628427,0.09670828794628428,0.056623140237075646,0.03722703373228724,0.08256505560960224,0.0004735760240820854
511,44,0.1441036115621292,144.1036115621292,0.1441036115621292,0.07130855324517002,0.035650639874178394,0.10469250484470388,0.0015668348344015568
512,29,0.09990468045392256,99.90468045392257,0.09990468045392256,0.05102241917805814,0.029178831811633915,0.07380233365442126,0.0005221029264129497
513,108,0.20363701979737647,203.63701979737647,0.20363701979737647,0.0961551865453017,0.08156103372030163,0.16120175003296727,0.004421491760178837
514,21,0.07728997751004898,77.28997751004898,0.07728997751004898,0.07554709256735076,0.023506345904098475,0.07203684137788854,0.0002417509364731089
515,26,0.09899556407274566,98.99556407274567,0.09899556407274566,0.06453983925121917,0.03667175307385179,0.06812678870971774,0.0005079790786615642
516,42,0.12642565764139588,126.42565764139587,0.12642565764139588,0.0645499549554409,0.03788830453953853,0.09174424240783338,0.001058045359092747
517,39,0.13916202043729486,139.16202043729487,0.13916202043729486,0.08061008616728002,0.0336652071949992,0.10574936490017069,0.0014111097698325872
518,51,0.16930192089646562,169.30192089646562,0.16930192089646562,0.06494666606720459,0.03706249523036152,0.12217814424175401,0.0025408807279390976
519,21,0.0860879544850987,86.0879544850987,0.0860879544850987,0.04282357478278491,0.022163381739414317,0.06573710955527902,0.00033406100908492
520,35,0.1489665058310748,148.96650583107478,0.1489665058310748,0.10695054648274607,0.017858241246177648,0.13011002310305092,0.0017308702581902225
521,36,0.10737512857271714,107.37512857271713,0.10737512857271714,0.08975381078402274,0.05229030650810862,0.0913163028224983,0.0006482010242188639
522,23,0.1131418586356431,113.1418586356431,0.1131418586356431,0.06412692898765553,0.032829143681554235,0.08783172965391445,0.0007583480053390704
523,27,0.09658533112275469,96.5853311227547,0.09658533112275469,0.055928719216448895,0.021529932171293426,0.06915119712293546,0.00047177197805189084
524,54,0.1757936281041384,175.7936281041384,0.1757936281041384,0.11728998162330509,0.04663323278632921,0.12775957693456555,0.002844513573437008
525,86,0.21353704661357092,213.53704661357094,0.21353704661357092,0.09512452448415906,0.08318591779268496,0.16520328077683616,0.005098217010497531
526,52,0.14007112427542795,140.07112427542796,0.14007112427542795,0.0710472021864394,0.029539650218123475,0.09875168333635366,0.0014389458991996462
527,48,0.1775289880932932,177.5289880932932,0.1775289880932932,0.055659715692432665,0.045188873161775625,0.1271596645983457,0.002929587373650074
528,54,0.13132586495905046,131.32586495905048,0.13132586495905046,0.10483844845921017,0.051619981630251444,0.10045714432030765,0.0011859037217455443
529,495,0.4551739315047597,455.1739315047597,0.4551739315047597,0.19235389136960987,0.15743665483166489,0.31959745401958134,0.04937768974096481
530,133,0.26899660272973136,268.99660272973136,0.26899660272973136,0.15028652891993094,0.10879558986270849,0.20229785524563032,0.010191521095501224
531,31,0.0927990834604064,92.7990834604064,0.0927990834604064,0.07708592900918737,0.03943443792495635,0.07742447192465977,0.0004184366177133844
532,31,0.163393418238831,163.393418238831,0.163393418238831,0.09309161654550785,0.03243090197825538,0.13659999644409682,0.0022840325964274097
533,20,0.07969715189434931,79.6971518943493,0.07969715189434931,0.056583429716104014,0.020336055602858606,0.059041631522397935,0.00026504952282932227
534,72,0.23257334891714992,232.57334891714993,0.23257334891714992,0.08650097199133866,0.06356651109191272,0.18926265594963365,0.006586860439166217
535,26,0.1289727769026286,128.9727769026286,0.1289727769026286,0.0729082376496577,0.02352810198193156,0.09912214746075952,0.001123292280684196
536,497,0.2544536799763963,254.45367997639627,0.2544536799763963,0.23995273938708578,0.16149512236405805,0.21244339137845059,0.008626305423108372
537,393,0.3467181592097022,346.7181592097022,0.3467181592097022,0.2043751824326829,0.16932803959667198,0.24703951391525444,0.02182370020254617
538,558,0.5576332838838187,557.6332838838188,0.5576332838838187,0.3089107373246832,0.21857007186771427,0.42774916744031743,0.0907913943860755
539,416,0.23831377258708103,238.31377258708102,0.23831377258708103,0.21321862250825718,0.14592096352046213,0.19586445162549346,0.00708673262400429
540,755,0.34301888461189023,343.01888461189026,0.34301888461189023,0.3003021853606894,0.19633479768937961,0.2689005501424965,0.021132589334023236
541,370,0.2379936406031587,237.9936406031587,0.2379936406031587,0.1456782497377236,0.13834856107801283,0.18297256897178174,0.007058211692943273
542,275,0.2277008802848652,227.7008802848652,0.2277008802848652,0.18608563232951125,0.15309529192222687,0.18908911878997794,0.006181484022913658
543,335,0.2603454845887859,260.34548458878595,0.2603454845887859,0.16825364520085778,0.12978153298098788,0.20493336636290402,0.009239506417206033
544,210,0.19997328920000107,199.97328920000106,0.19997328920000107,0.1287667125365924,0.10163428366427073,0.14718590071442178,0.004187112139857667
545,190,0.20075355972469106,200.75355972469106,0.20075355972469106,0.13365379165440908,0.13667214101418,0.15082253700377746,0.004236316378790882
546,66,0.31794008133281043,317.94008133281045,0.31794008133281043,0.09312513215495062,0.05195977359189103,0.2330412577389952,0.01682807602171076
547,142,0.30114062423201127,301.14062423201125,0.30114062423201127,0.1955718029323606,0.14869936079457535,0.25279345073611453,0.014299032762960191
548,1140,0.332684185546297,332.684185546297,0.332684185546297,0.30736782952884495,0.21256272128093417,0.27426543721394636,0.019279470079774767
549,303,0.307575699814047,307.57569981404697,0.307575699814047,0.14302949080813487,0.12501188341036343,0.24210348943703078,0.015235428899313758
550,880,0.4171507767242244,417.1507767242244,0.4171507767242244,0.2959500594993939,0.22228773560287973,0.31131062831327594,0.03800824282424247
551,319,0.2584460560331212,258.4460560331212,0.2584460560331212,0.20485948388945063,0.18367839058428878,0.2032628772136689,0.00903874948023697
552,33,0.1061841864598971,106.1841864598971,0.1061841864598971,0.08471552333103369,0.034390231467694043,0.08055974274712538,0.0006268709641368861
553,194,0.24948610073098423,249.48610073098425,0.24948610073098423,0.2078251008316324,0.14792451757703076,0.2072115244695019,0.008130882563771183
554,292,0.2758459494305244,275.8459494305244,0.2758459494305244,0.14691896384428813,0.09809630034790534,0.1821040215103252,0.010990019311679174
555,225,0.1985996070764821,198.5996070764821,0.1985996070764821,0.12656808917780393,0.1195585992196801,0.15595504551856118,0.004101415582250219
556,711,0.42786509762205827,427.8650976220583,0.42786509762205827,0.30408322544604605,0.20718861644268383,0.3238643323433791,0.04101277973282108
557,316,0.2444856500090504,244.4856500090504,0.2444856500090504,0.17372053544935392,0.16262874601470229,0.18954287984166582,0.007651714242528914
558,95,0.16673141218375276,166.73141218375275,0.16673141218375276,0.13340075020445705,0.06347606926104327,0.12821296986373307,0.002426894559270754
559,88,0.14969184060091523,149.6918406009152,0.14969184060091523,0.14150100015856992,0.10274140625086872,0.12792831485710474,0.0017562769750933919
